gmt_trans_date,geo_region,purchase,cancel
1/1/2020,?,2,0
1/1/2020,ak,104,16
1/1/2020,ca,12509,2277
1/1/2020,ct,575,91
1/1/2020,fl,5474,843
1/1/2020,id,271,45
1/1/2020,ky,348,63
1/1/2020,md,1490,272
1/1/2020,mt,188,25
1/1/2020,nc,1496,256
1/1/2020,nd,130,29
1/1/2020,nh,218,27
1/1/2020,nv,1196,203
1/1/2020,ny,3275,643
1/1/2020,ok,399,61
1/1/2020,or,983,162
1/1/2020,sc,800,116
1/1/2020,tn,1132,197
1/1/2020,vt,107,17
1/1/2020,wa,1906,294
1/2/2020,ak,150,20
1/2/2020,fl,8483,1329
1/2/2020,mn,1515,246
1/2/2020,nd,239,45
1/2/2020,nh,293,48
1/2/2020,nv,1752,328
1/2/2020,ny,5326,1003
1/2/2020,ok,632,129
1/2/2020,ri,184,42
1/2/2020,sc,1197,189
1/2/2020,vt,134,19
1/2/2020,wa,2780,521
1/3/2020,az,2745,456
1/3/2020,ca,20657,3622
1/3/2020,ct,789,149
1/3/2020,dc,847,176
1/3/2020,hi,362,85
1/3/2020,ky,664,133
1/3/2020,ma,2060,362
1/3/2020,mo,1909,346
1/3/2020,ne,507,72
1/3/2020,nh,331,55
1/3/2020,nj,3507,580
1/3/2020,or,1467,265
1/3/2020,va,2364,397
1/3/2020,vt,192,49
1/4/2020,ar,276,55
1/4/2020,ca,17205,2874
1/4/2020,dc,485,108
1/4/2020,id,329,48
1/4/2020,ma,1756,302
1/4/2020,md,1925,337
1/4/2020,ne,419,56
1/4/2020,nh,278,44
1/4/2020,nj,3147,479
1/4/2020,nv,1550,272
1/4/2020,pa,2393,389
1/4/2020,ri,232,38
1/4/2020,tn,1417,224
1/4/2020,va,1952,337
1/5/2020,?,1,0
1/5/2020,ar,236,53
1/5/2020,fl,6039,885
1/5/2020,ia,555,71
1/5/2020,id,330,53
1/5/2020,ks,363,40
1/5/2020,ky,472,80
1/5/2020,mi,1718,287
1/5/2020,nj,2840,399
1/5/2020,ok,489,62
1/5/2020,or,989,159
1/5/2020,sc,663,112
1/5/2020,ut,1006,130
1/5/2020,va,1777,287
1/5/2020,vt,205,14
1/6/2020,dc,736,142
1/6/2020,fl,7271,1024
1/6/2020,hi,364,92
1/6/2020,ia,788,110
1/6/2020,ks,495,85
1/6/2020,la,867,164
1/6/2020,ne,497,71
1/6/2020,nj,3155,435
1/6/2020,nv,1630,285
1/6/2020,ok,580,67
1/6/2020,or,1335,225
1/6/2020,sc,886,149
1/6/2020,tn,1473,253
1/6/2020,ut,1392,194
1/6/2020,vt,216,28
1/6/2020,wv,164,23
1/7/2020,ar,361,63
1/7/2020,az,2616,435
1/7/2020,ca,19755,3489
1/7/2020,ct,814,157
1/7/2020,de,222,44
1/7/2020,in,1161,207
1/7/2020,ks,504,82
1/7/2020,ma,2229,418
1/7/2020,ms,426,70
1/7/2020,ok,669,107
1/7/2020,ri,262,46
1/7/2020,wv,165,28
1/8/2020,?,4,4
1/8/2020,ar,328,67
1/8/2020,az,2579,468
1/8/2020,dc,748,180
1/8/2020,fl,7532,1258
1/8/2020,ky,579,90
1/8/2020,me,233,42
1/8/2020,ms,368,109
1/8/2020,nc,2198,402
1/8/2020,or,1378,268
1/9/2020,dc,763,145
1/9/2020,hi,460,114
1/9/2020,id,427,61
1/9/2020,in,1138,209
1/9/2020,md,2266,392
1/9/2020,mo,1366,326
1/9/2020,ny,5618,1068
1/9/2020,ri,272,49
1/9/2020,tx,10979,2007
1/9/2020,wa,2810,546
1/10/2020,?,4,3
1/10/2020,ak,161,24
1/10/2020,al,728,128
1/10/2020,id,411,77
1/10/2020,in,1073,191
1/10/2020,ky,574,92
1/10/2020,me,225,32
1/10/2020,mt,288,44
1/10/2020,nj,3584,554
1/10/2020,oh,2286,398
1/10/2020,tx,10714,1599
1/10/2020,wi,1353,275
1/11/2020,?,4,5
1/11/2020,ak,141,30
1/11/2020,co,2640,346
1/11/2020,dc,434,103
1/11/2020,fl,7122,1008
1/11/2020,ga,4552,517
1/11/2020,in,953,145
1/11/2020,me,218,30
1/11/2020,ms,365,66
1/11/2020,nc,2084,282
1/11/2020,sc,794,112
1/11/2020,ut,1218,167
1/11/2020,wv,122,24
1/11/2020,wy,223,26
1/12/2020,fl,6446,1028
1/12/2020,hi,406,105
1/12/2020,ky,455,76
1/12/2020,ms,273,40
1/12/2020,nc,1869,310
1/12/2020,nh,255,44
1/12/2020,nv,1567,275
1/12/2020,oh,1813,279
1/12/2020,ok,493,78
1/12/2020,sc,754,99
1/12/2020,sd,117,7
1/12/2020,wa,2111,404
1/12/2020,wv,150,20
1/12/2020,wy,163,25
1/13/2020,ak,159,30
1/13/2020,al,744,160
1/13/2020,az,2586,446
1/13/2020,co,2777,525
1/13/2020,ct,834,175
1/13/2020,dc,716,167
1/13/2020,de,230,46
1/13/2020,ga,4725,709
1/13/2020,il,4426,872
1/13/2020,ks,514,103
1/13/2020,ma,2211,422
1/13/2020,mi,2412,464
1/13/2020,mt,305,53
1/13/2020,nv,1769,298
1/13/2020,oh,2244,469
1/13/2020,sc,910,176
1/13/2020,wv,163,49
1/14/2020,ak,145,34
1/14/2020,al,721,154
1/14/2020,az,2514,495
1/14/2020,fl,7694,1431
1/14/2020,hi,412,117
1/14/2020,ia,727,130
1/14/2020,il,4260,875
1/14/2020,ky,573,101
1/14/2020,ma,2169,468
1/14/2020,mo,1466,300
1/14/2020,nc,2317,424
1/14/2020,ny,5764,1159
1/14/2020,or,1355,287
1/14/2020,ri,261,68
1/14/2020,sd,151,38
1/14/2020,tx,9744,1772
1/14/2020,va,2559,528
1/14/2020,vt,209,34
1/14/2020,wv,169,35
1/15/2020,al,802,144
1/15/2020,ct,789,146
1/15/2020,ga,4532,765
1/15/2020,hi,382,112
1/15/2020,ia,701,178
1/15/2020,la,843,156
1/15/2020,md,2071,406
1/15/2020,mo,1533,319
1/15/2020,mt,287,49
1/15/2020,ne,476,85
1/15/2020,nj,3211,601
1/15/2020,or,1365,261
1/15/2020,ri,240,50
1/15/2020,sd,159,33
1/15/2020,va,2547,451
1/16/2020,?,3,0
1/16/2020,ak,158,45
1/16/2020,ia,728,192
1/16/2020,id,433,85
1/16/2020,la,983,217
1/16/2020,ma,2360,460
1/16/2020,md,2190,448
1/16/2020,ms,435,106
1/16/2020,nc,2591,435
1/16/2020,oh,2341,440
1/16/2020,ok,709,106
1/16/2020,tn,1711,339
1/16/2020,wa,2502,526
1/17/2020,ar,437,88
1/17/2020,ct,838,181
1/17/2020,ga,5131,758
1/17/2020,la,993,184
1/17/2020,ms,421,89
1/17/2020,nv,2469,344
1/17/2020,tx,10924,1614
1/17/2020,wv,171,38
1/17/2020,wy,221,42
1/18/2020,ar,332,65
1/18/2020,az,2310,329
1/18/2020,co,2388,382
1/18/2020,dc,717,113
1/18/2020,de,155,24
1/18/2020,in,965,165
1/18/2020,ky,451,76
1/18/2020,mi,1795,324
1/18/2020,mn,1439,228
1/18/2020,mo,1312,197
1/18/2020,nc,2072,325
1/18/2020,nj,2899,446
1/18/2020,nv,1436,323
1/18/2020,pa,2498,397
1/18/2020,ri,225,30
1/18/2020,tn,1378,188
1/18/2020,wa,2226,345
1/18/2020,wv,151,20
1/19/2020,al,534,112
1/19/2020,fl,6392,998
1/19/2020,ky,450,67
1/19/2020,la,653,109
1/19/2020,md,1736,253
1/19/2020,ny,4172,813
1/19/2020,oh,1826,265
1/19/2020,va,1711,266
1/20/2020,?,4,1
1/20/2020,az,2512,398
1/20/2020,ga,4190,661
1/20/2020,hi,356,63
1/20/2020,il,4066,635
1/20/2020,ky,573,93
1/20/2020,la,794,125
1/20/2020,ma,1970,358
1/20/2020,md,1975,360
1/20/2020,me,218,40
1/20/2020,mn,1594,262
1/20/2020,mo,1337,267
1/20/2020,ne,467,87
1/20/2020,nj,3086,540
1/20/2020,nm,515,97
1/20/2020,oh,2199,366
1/20/2020,or,1428,204
1/20/2020,pa,2801,442
1/20/2020,sd,146,21
1/20/2020,ut,1373,203
1/20/2020,wi,1256,210
1/21/2020,ak,183,27
1/21/2020,ar,381,87
1/21/2020,fl,7649,1612
1/21/2020,il,4372,1013
1/21/2020,ky,527,108
1/21/2020,md,2036,504
1/21/2020,mi,2118,488
1/21/2020,tx,10196,1869
1/21/2020,va,2177,469
1/21/2020,wa,2718,559
1/21/2020,wi,1350,229
1/21/2020,wv,139,30
1/22/2020,al,707,132
1/22/2020,az,2447,405
1/22/2020,de,192,56
1/22/2020,hi,421,120
1/22/2020,mn,1651,293
1/22/2020,mo,1316,246
1/22/2020,ne,442,57
1/22/2020,nh,332,59
1/22/2020,pa,2679,465
1/22/2020,ri,273,61
1/22/2020,wi,1432,249
1/22/2020,wv,171,33
1/22/2020,wy,226,40
1/23/2020,co,2653,485
1/23/2020,ia,674,114
1/23/2020,ky,655,126
1/23/2020,md,2041,455
1/23/2020,ms,384,99
1/23/2020,ny,5689,1136
1/23/2020,oh,2196,420
1/23/2020,wa,2553,466
1/23/2020,wy,252,46
1/24/2020,ak,149,26
1/24/2020,ia,652,118
1/24/2020,mn,1671,268
1/24/2020,mo,1449,272
1/24/2020,nv,1526,262
1/24/2020,oh,2258,371
1/24/2020,or,1400,234
1/24/2020,pa,2798,505
1/24/2020,sc,857,171
1/24/2020,tn,1646,256
1/24/2020,va,2363,396
1/24/2020,wa,2981,451
1/25/2020,ak,165,22
1/25/2020,az,2147,382
1/25/2020,co,2427,356
1/25/2020,ct,723,111
1/25/2020,de,149,31
1/25/2020,ks,447,64
1/25/2020,md,2007,349
1/25/2020,nj,2966,477
1/25/2020,ny,4719,863
1/25/2020,ok,581,89
1/25/2020,vt,192,32
1/26/2020,ak,120,20
1/26/2020,ar,237,41
1/26/2020,co,2107,294
1/26/2020,ct,654,100
1/26/2020,in,1001,153
1/26/2020,ma,1638,299
1/26/2020,nc,1914,280
1/26/2020,nd,154,21
1/26/2020,ny,4279,735
1/26/2020,tx,8150,1149
1/26/2020,ut,999,160
1/26/2020,vt,193,25
1/26/2020,wi,1072,157
1/26/2020,wy,169,26
1/27/2020,?,2,1
1/27/2020,ct,831,152
1/27/2020,de,187,44
1/27/2020,ga,4155,678
1/27/2020,ky,584,116
1/27/2020,me,237,48
1/27/2020,mi,2123,479
1/27/2020,ne,513,101
1/27/2020,nh,330,52
1/27/2020,nj,2938,554
1/27/2020,nm,454,84
1/27/2020,sc,846,187
1/27/2020,tx,10171,1606
1/27/2020,va,2238,410
1/27/2020,wa,3133,469
1/27/2020,wi,1286,199
1/28/2020,?,1,1
1/28/2020,ca,18531,3847
1/28/2020,co,2675,497
1/28/2020,ga,4066,719
1/28/2020,hi,398,104
1/28/2020,ia,740,118
1/28/2020,id,416,70
1/28/2020,in,1258,205
1/28/2020,ky,603,102
1/28/2020,ma,2177,376
1/28/2020,nd,234,43
1/28/2020,nh,351,68
1/28/2020,nj,3148,579
1/28/2020,nm,495,96
1/28/2020,ri,266,56
1/28/2020,sd,188,31
1/28/2020,tn,1411,264
1/29/2020,az,2421,468
1/29/2020,ga,4214,708
1/29/2020,ia,691,120
1/29/2020,ks,549,88
1/29/2020,ky,583,98
1/29/2020,la,960,155
1/29/2020,md,2030,437
1/29/2020,me,251,40
1/29/2020,mt,298,65
1/29/2020,nc,2371,407
1/29/2020,ne,488,80
1/29/2020,nm,520,86
1/29/2020,oh,2231,399
1/29/2020,or,1325,257
1/30/2020,co,2609,480
1/30/2020,dc,737,182
1/30/2020,fl,7428,1589
1/30/2020,hi,361,124
1/30/2020,ky,570,110
1/30/2020,va,2320,497
1/31/2020,ca,18781,3975
1/31/2020,fl,7730,1465
1/31/2020,ga,4474,876
1/31/2020,id,408,69
1/31/2020,ks,519,107
1/31/2020,mi,2132,469
1/31/2020,mo,1366,329
1/31/2020,nc,2525,483
1/31/2020,nd,219,45
1/31/2020,tx,10840,2068
1/31/2020,ut,1351,234
1/31/2020,vt,217,36
2/1/2020,?,2,0
2/1/2020,ak,127,23
2/1/2020,az,2054,375
2/1/2020,ga,3604,594
2/1/2020,in,901,147
2/1/2020,ky,516,78
2/1/2020,la,697,136
2/1/2020,ma,1750,288
2/1/2020,mo,1027,220
2/1/2020,mt,200,42
2/1/2020,nd,139,33
2/1/2020,oh,2061,349
2/1/2020,ri,269,52
2/2/2020,?,2,0
2/2/2020,ak,110,18
2/2/2020,az,1808,322
2/2/2020,ga,3079,505
2/2/2020,id,281,52
2/2/2020,in,823,138
2/2/2020,la,645,110
2/2/2020,ma,1667,290
2/2/2020,mo,890,176
2/2/2020,ms,282,68
2/2/2020,nh,270,39
2/2/2020,nv,1830,311
2/2/2020,ny,4333,827
2/2/2020,oh,1898,309
2/2/2020,wa,2271,416
2/3/2020,co,2396,468
2/3/2020,ct,747,162
2/3/2020,hi,335,114
2/3/2020,ia,684,102
2/3/2020,il,4336,924
2/3/2020,ks,474,121
2/3/2020,ky,586,113
2/3/2020,la,822,178
2/3/2020,mn,1501,305
2/3/2020,mt,272,65
2/3/2020,nd,227,49
2/3/2020,ny,5118,1101
2/3/2020,sc,814,160
2/3/2020,tx,9631,1895
2/3/2020,ut,1310,281
2/3/2020,va,2118,434
2/3/2020,vt,200,35
2/3/2020,wa,2541,555
2/3/2020,wv,155,25
2/4/2020,dc,775,187
2/4/2020,ga,4199,811
2/4/2020,in,1205,243
2/4/2020,me,265,50
2/4/2020,mn,1710,317
2/4/2020,mo,1341,307
2/4/2020,nm,583,89
2/4/2020,pa,2902,596
2/4/2020,sd,190,32
2/4/2020,tn,1544,273
2/4/2020,wa,2979,599
2/4/2020,wi,1328,247
2/4/2020,wy,212,42
2/5/2020,ak,153,30
2/5/2020,al,757,178
2/5/2020,de,176,38
2/5/2020,il,4996,994
2/5/2020,mi,2203,500
2/5/2020,mn,1628,334
2/5/2020,nh,336,52
2/5/2020,ok,610,111
2/5/2020,or,1386,277
2/5/2020,tn,1548,297
2/6/2020,co,2831,594
2/6/2020,fl,8559,1662
2/6/2020,hi,405,134
2/6/2020,ma,2333,483
2/6/2020,me,292,55
2/6/2020,mi,2313,509
2/6/2020,ms,451,130
2/6/2020,ny,6263,1361
2/6/2020,or,1476,276
2/6/2020,vt,233,47
2/7/2020,?,4,1
2/7/2020,ct,900,162
2/7/2020,dc,876,178
2/7/2020,fl,8340,1332
2/7/2020,ga,4371,757
2/7/2020,hi,374,91
2/7/2020,ky,672,115
2/7/2020,mt,280,44
2/7/2020,nm,578,76
2/7/2020,ri,280,51
2/7/2020,va,2634,476
2/7/2020,wa,3055,546
2/8/2020,?,2,0
2/8/2020,al,596,112
2/8/2020,ca,17342,3012
2/8/2020,ct,875,137
2/8/2020,la,732,131
2/8/2020,ma,1971,353
2/8/2020,me,203,43
2/8/2020,mi,2102,352
2/8/2020,mn,1478,240
2/8/2020,ne,477,67
2/8/2020,nj,3012,447
2/8/2020,pa,2544,399
2/8/2020,ri,280,37
2/8/2020,sc,717,115
2/8/2020,sd,125,27
2/8/2020,tx,9889,1365
2/8/2020,wi,1185,214
2/8/2020,wv,141,19
2/9/2020,al,641,122
2/9/2020,co,2523,415
2/9/2020,ga,3338,605
2/9/2020,ia,633,95
2/9/2020,ky,522,87
2/9/2020,ma,2099,375
2/9/2020,mn,1531,246
2/9/2020,mo,1376,213
2/9/2020,ne,469,62
2/9/2020,nh,333,46
2/9/2020,nj,3093,480
2/9/2020,ok,572,99
2/9/2020,ri,248,49
2/9/2020,wv,177,21
2/10/2020,al,852,161
2/10/2020,ar,474,94
2/10/2020,de,189,38
2/10/2020,fl,8854,1572
2/10/2020,ia,830,147
2/10/2020,in,1456,271
2/10/2020,md,2184,450
2/10/2020,mn,1711,347
2/10/2020,mo,1738,306
2/10/2020,nc,2675,491
2/10/2020,nm,618,101
2/10/2020,nv,1746,401
2/10/2020,tx,11499,2035
2/11/2020,ar,574,106
2/11/2020,ca,21692,4855
2/11/2020,fl,8983,1700
2/11/2020,ky,758,133
2/11/2020,mn,1956,379
2/11/2020,mo,1835,351
2/11/2020,mt,329,59
2/11/2020,nd,263,36
2/11/2020,ok,841,170
2/11/2020,sc,978,223
2/11/2020,tx,12164,2507
2/11/2020,va,2982,594
2/11/2020,vt,290,39
2/12/2020,ar,494,100
2/12/2020,fl,8503,1599
2/12/2020,hi,404,103
2/12/2020,ia,809,150
2/12/2020,id,505,99
2/12/2020,in,1474,285
2/12/2020,ky,688,122
2/12/2020,md,2230,512
2/12/2020,me,250,45
2/12/2020,mo,1633,385
2/12/2020,mt,275,50
2/12/2020,nc,2677,514
2/12/2020,nh,311,58
2/12/2020,nv,1777,375
2/12/2020,ny,6633,1454
2/12/2020,oh,2463,592
2/12/2020,or,1695,321
2/12/2020,ri,283,61
2/12/2020,wv,224,44
2/12/2020,wy,250,49
2/13/2020,al,866,233
2/13/2020,ar,477,116
2/13/2020,az,2780,643
2/13/2020,dc,845,270
2/13/2020,ga,4333,965
2/13/2020,ia,791,152
2/13/2020,il,4884,1144
2/13/2020,mi,2467,593
2/13/2020,mo,1822,378
2/13/2020,or,2079,412
2/13/2020,pa,3242,697
2/13/2020,sc,931,219
2/13/2020,tn,2751,489
2/13/2020,tx,11520,2489
2/13/2020,wi,1469,313
2/13/2020,wv,205,40
2/14/2020,al,797,162
2/14/2020,ar,506,83
2/14/2020,ct,820,154
2/14/2020,ga,3577,703
2/14/2020,ks,568,88
2/14/2020,la,847,173
2/14/2020,md,2223,395
2/14/2020,me,248,46
2/14/2020,mi,2453,457
2/14/2020,mo,1681,229
2/14/2020,mt,251,30
2/14/2020,nj,3613,605
2/14/2020,pa,3054,526
2/14/2020,wi,1224,248
2/14/2020,wy,241,53
2/15/2020,co,2485,373
2/15/2020,dc,543,100
2/15/2020,de,159,29
2/15/2020,mn,1642,255
2/15/2020,nd,152,22
2/15/2020,nj,3559,508
2/15/2020,nv,1360,260
2/15/2020,oh,2375,364
2/15/2020,tx,11327,1503
2/15/2020,ut,1322,212
2/16/2020,ak,167,25
2/16/2020,ar,278,49
2/16/2020,az,2415,398
2/16/2020,co,2439,418
2/16/2020,ga,2561,482
2/16/2020,id,444,70
2/16/2020,il,4517,652
2/16/2020,la,747,108
2/16/2020,md,1944,356
2/16/2020,nd,200,18
2/16/2020,nh,309,43
2/16/2020,nj,3113,474
2/16/2020,ok,631,55
2/16/2020,sd,149,30
2/16/2020,vt,182,26
2/16/2020,wv,175,34
2/17/2020,ct,809,176
2/17/2020,dc,547,138
2/17/2020,de,199,32
2/17/2020,ky,711,107
2/17/2020,ma,2248,463
2/17/2020,md,2055,393
2/17/2020,nc,2681,488
2/17/2020,oh,2610,499
2/17/2020,ok,761,120
2/17/2020,ri,292,59
2/17/2020,sd,149,32
2/17/2020,ut,1485,268
2/18/2020,ak,198,39
2/18/2020,al,804,182
2/18/2020,dc,750,171
2/18/2020,ky,696,167
2/18/2020,md,2072,543
2/18/2020,mi,2486,567
2/18/2020,mn,1721,375
2/18/2020,nj,3479,731
2/18/2020,pa,3081,628
2/18/2020,vt,167,51
2/18/2020,wa,2697,613
2/18/2020,wi,1269,267
2/18/2020,wy,262,46
2/19/2020,ak,164,30
2/19/2020,co,2725,500
2/19/2020,il,5089,977
2/19/2020,ma,2240,440
2/19/2020,or,1634,297
2/19/2020,ri,309,58
2/19/2020,sd,199,44
2/19/2020,tn,2714,400
2/19/2020,vt,174,24
2/19/2020,wa,2695,518
2/19/2020,wi,1376,264
2/20/2020,ca,19664,3996
2/20/2020,co,2836,559
2/20/2020,ct,885,173
2/20/2020,la,934,217
2/20/2020,me,274,53
2/20/2020,nc,2767,555
2/20/2020,nh,335,48
2/20/2020,oh,2499,510
2/20/2020,pa,3053,569
2/21/2020,ar,463,98
2/21/2020,ct,869,126
2/21/2020,ga,4635,687
2/21/2020,ia,832,137
2/21/2020,in,1381,249
2/21/2020,ks,666,94
2/21/2020,la,953,193
2/21/2020,md,2125,424
2/21/2020,me,288,52
2/21/2020,mo,1916,315
2/21/2020,nh,370,61
2/21/2020,ok,773,111
2/21/2020,wi,1425,262
2/22/2020,?,1,0
2/22/2020,ar,342,71
2/22/2020,az,2503,443
2/22/2020,dc,888,125
2/22/2020,hi,282,92
2/22/2020,ky,575,102
2/22/2020,ma,1816,304
2/22/2020,me,217,32
2/22/2020,mt,231,32
2/22/2020,nc,2631,388
2/22/2020,wi,1215,216
2/22/2020,wy,253,39
2/23/2020,dc,733,123
2/23/2020,de,167,38
2/23/2020,fl,6694,1267
2/23/2020,hi,341,87
2/23/2020,ky,553,94
2/23/2020,me,231,48
2/23/2020,mo,1635,235
2/23/2020,sc,638,167
2/23/2020,sd,136,32
2/23/2020,ut,1246,199
2/23/2020,wa,2561,431
2/23/2020,wy,229,35
2/24/2020,ar,543,103
2/24/2020,az,2874,548
2/24/2020,dc,1021,187
2/24/2020,il,4979,1038
2/24/2020,in,1455,281
2/24/2020,ky,750,131
2/24/2020,ma,2223,473
2/24/2020,mn,2024,410
2/24/2020,nc,2799,527
2/24/2020,ne,569,102
2/24/2020,nh,360,83
2/24/2020,nm,589,116
2/24/2020,nv,1471,348
2/24/2020,ny,5957,1287
2/24/2020,oh,2451,525
2/24/2020,va,2788,505
2/24/2020,wi,1469,303
2/25/2020,al,864,225
2/25/2020,ia,873,170
2/25/2020,id,525,104
2/25/2020,il,4927,1135
2/25/2020,la,933,176
2/25/2020,mi,2361,531
2/25/2020,ok,765,151
2/25/2020,or,1438,355
2/26/2020,ak,186,41
2/26/2020,de,207,52
2/26/2020,ga,6058,945
2/26/2020,mn,2036,422
2/26/2020,ne,548,126
2/26/2020,nm,576,101
2/26/2020,ok,848,163
2/26/2020,tn,1792,395
2/27/2020,?,1,0
2/27/2020,az,2801,644
2/27/2020,co,2835,617
2/27/2020,dc,997,222
2/27/2020,id,534,105
2/27/2020,mi,2483,583
2/27/2020,mo,2020,397
2/27/2020,ms,490,132
2/27/2020,ri,218,64
2/27/2020,tx,11716,2578
2/27/2020,va,2836,615
2/27/2020,wv,220,50
2/28/2020,fl,8016,1652
2/28/2020,ia,853,137
2/28/2020,ks,589,114
2/28/2020,ky,754,146
2/28/2020,mo,1935,320
2/28/2020,mt,297,44
2/28/2020,nc,3103,537
2/28/2020,ne,613,100
2/28/2020,nm,567,110
2/28/2020,nv,1519,321
2/28/2020,ny,5781,1423
2/28/2020,pa,2969,595
2/29/2020,ak,124,32
2/29/2020,al,748,128
2/29/2020,ga,4847,707
2/29/2020,ks,507,90
2/29/2020,me,214,48
2/29/2020,ms,474,99
2/29/2020,mt,248,43
2/29/2020,nj,3475,602
2/29/2020,or,1214,289
2/29/2020,pa,2822,510
2/29/2020,tx,11219,1864
2/29/2020,ut,1203,225
3/1/2020,ar,334,74
3/1/2020,ct,762,154
3/1/2020,fl,6388,1387
3/1/2020,in,1031,212
3/1/2020,ky,675,113
3/1/2020,md,1744,337
3/1/2020,mi,2036,414
3/1/2020,mt,230,42
3/1/2020,nj,2950,627
3/1/2020,ny,4432,1125
3/1/2020,pa,2476,488
3/1/2020,va,1911,408
3/2/2020,ak,166,48
3/2/2020,dc,1009,238
3/2/2020,id,629,105
3/2/2020,ks,539,109
3/2/2020,ky,858,175
3/2/2020,la,942,231
3/2/2020,ms,527,149
3/2/2020,nc,2796,655
3/2/2020,nv,2234,470
3/2/2020,or,1324,439
3/2/2020,ri,219,79
3/2/2020,va,2356,644
3/3/2020,ak,161,57
3/3/2020,al,881,297
3/3/2020,ar,464,132
3/3/2020,de,177,71
3/3/2020,ga,4716,1165
3/3/2020,id,532,133
3/3/2020,la,956,252
3/3/2020,me,235,45
3/3/2020,ne,558,133
3/3/2020,nh,301,98
3/3/2020,wa,2708,843
3/3/2020,wi,1365,388
3/4/2020,ar,472,134
3/4/2020,ia,851,206
3/4/2020,il,4824,1379
3/4/2020,mo,1631,417
3/4/2020,nc,2670,721
3/4/2020,nv,1455,444
3/4/2020,vt,138,55
3/4/2020,wi,1358,401
3/5/2020,ar,500,134
3/5/2020,fl,7788,2110
3/5/2020,ga,4680,1161
3/5/2020,ia,886,189
3/5/2020,id,476,116
3/5/2020,mi,2276,731
3/5/2020,nc,2524,688
3/5/2020,nh,307,111
3/5/2020,nj,3136,900
3/5/2020,nm,613,158
3/5/2020,nv,1397,447
3/5/2020,ri,194,74
3/5/2020,sc,833,211
3/5/2020,sd,198,49
3/5/2020,wa,2820,1007
3/5/2020,wv,190,53
3/6/2020,al,825,211
3/6/2020,ga,5024,1060
3/6/2020,ia,802,194
3/6/2020,in,1255,322
3/6/2020,md,2053,597
3/6/2020,mo,1773,428
3/6/2020,nd,225,51
3/6/2020,tx,12621,3051
3/6/2020,wa,2665,1005
3/7/2020,ar,367,148
3/7/2020,co,2147,630
3/7/2020,de,171,61
3/7/2020,fl,6702,1628
3/7/2020,hi,247,181
3/7/2020,ia,701,150
3/7/2020,ky,550,133
3/7/2020,tx,11504,2549
3/7/2020,ut,1204,324
3/7/2020,wv,165,32
3/8/2020,dc,673,161
3/8/2020,fl,5923,1634
3/8/2020,ma,1272,444
3/8/2020,mi,1564,428
3/8/2020,nc,1905,436
3/8/2020,tx,9182,2211
3/8/2020,vt,92,37
3/8/2020,wa,2073,701
3/9/2020,?,3,0
3/9/2020,ak,138,72
3/9/2020,al,814,294
3/9/2020,ct,674,385
3/9/2020,dc,855,370
3/9/2020,fl,7576,2669
3/9/2020,id,502,157
3/9/2020,ky,637,221
3/9/2020,ms,502,194
3/9/2020,mt,303,114
3/9/2020,nj,2711,1068
3/9/2020,nm,568,198
3/9/2020,nv,1337,546
3/9/2020,ok,814,243
3/9/2020,ut,1492,497
3/9/2020,va,2310,875
3/9/2020,wv,150,49
3/10/2020,ak,164,59
3/10/2020,ct,681,565
3/10/2020,dc,850,400
3/10/2020,fl,7388,3159
3/10/2020,ga,4556,1538
3/10/2020,hi,330,307
3/10/2020,il,4587,2069
3/10/2020,ky,561,293
3/10/2020,ma,1486,1163
3/10/2020,mi,1905,898
3/10/2020,nc,2336,959
3/10/2020,nd,229,101
3/10/2020,nh,241,164
3/10/2020,nj,2629,1367
3/10/2020,nv,1379,659
3/10/2020,oh,2091,1057
3/10/2020,ri,158,139
3/10/2020,tx,11219,4173
3/10/2020,wa,2332,1317
3/10/2020,wi,1244,578
3/10/2020,wv,170,97
3/10/2020,wy,247,86
3/11/2020,il,4323,2522
3/11/2020,la,932,438
3/11/2020,mi,1829,1322
3/11/2020,mt,289,144
3/11/2020,nj,2595,1612
3/11/2020,or,1406,826
3/11/2020,pa,2387,1574
3/11/2020,ri,176,169
3/11/2020,tn,1532,749
3/11/2020,tx,10935,5172
3/11/2020,va,2121,1271
3/11/2020,vt,83,102
3/11/2020,wv,167,104
3/12/2020,ar,331,570
3/12/2020,ca,14186,17800
3/12/2020,id,383,606
3/12/2020,il,3662,4919
3/12/2020,ks,428,677
3/12/2020,ky,419,867
3/12/2020,md,1336,2062
3/12/2020,ok,702,778
3/12/2020,sc,652,791
3/13/2020,dc,706,823
3/13/2020,de,137,249
3/13/2020,ga,3873,3315
3/13/2020,ks,428,692
3/13/2020,ky,438,738
3/13/2020,ma,1061,2084
3/13/2020,me,122,344
3/13/2020,nd,198,302
3/13/2020,ne,388,624
3/13/2020,oh,1749,2870
3/13/2020,pa,1850,3036
3/13/2020,wy,201,325
3/14/2020,al,478,535
3/14/2020,ia,534,566
3/14/2020,id,239,454
3/14/2020,ks,303,391
3/14/2020,ky,376,395
3/14/2020,me,105,206
3/14/2020,nm,285,376
3/14/2020,oh,1712,1688
3/14/2020,pa,1603,1622
3/15/2020,ak,75,118
3/15/2020,al,340,367
3/15/2020,az,1712,1357
3/15/2020,ca,9970,10259
3/15/2020,ga,2857,1684
3/15/2020,hi,251,308
3/15/2020,mi,1149,1363
3/15/2020,ne,256,296
3/15/2020,ut,727,730
3/15/2020,va,1371,1272
3/15/2020,wy,137,146
3/16/2020,az,626,555
3/16/2020,dc,88,107
3/16/2020,ga,719,448
3/16/2020,ia,95,208
3/16/2020,in,221,249
3/16/2020,nv,331,364
3/16/2020,ny,617,712
3/16/2020,ri,29,29
3/16/2020,sc,117,116
3/16/2020,tn,285,260
3/16/2020,ut,248,288
3/16/2020,wv,18,21
1/1/2020,az,1732,287
1/1/2020,co,1998,284
1/1/2020,dc,584,90
1/1/2020,de,117,18
1/1/2020,ks,325,63
1/1/2020,la,545,114
1/1/2020,mo,1435,200
1/1/2020,ne,321,56
1/1/2020,nj,2175,360
1/1/2020,sd,138,22
1/1/2020,wi,855,156
1/2/2020,az,2664,444
1/2/2020,co,2900,436
1/2/2020,hi,331,87
1/2/2020,ks,515,91
1/2/2020,ky,570,89
1/2/2020,la,908,171
1/2/2020,ma,2003,408
1/2/2020,mi,2136,383
1/2/2020,ms,421,97
1/2/2020,nj,3168,556
1/2/2020,oh,2267,493
1/2/2020,or,1531,226
1/2/2020,pa,2744,492
1/2/2020,tn,1629,288
1/2/2020,ut,1421,195
1/2/2020,wv,185,33
1/3/2020,co,2954,367
1/3/2020,de,204,34
1/3/2020,ia,708,102
1/3/2020,ks,563,108
1/3/2020,nc,2369,441
1/3/2020,nv,2179,292
1/3/2020,pa,2918,497
1/3/2020,tx,11690,1746
1/3/2020,wv,168,34
1/4/2020,ak,146,15
1/4/2020,co,2384,341
1/4/2020,ga,4098,606
1/4/2020,hi,367,79
1/4/2020,ia,588,82
1/4/2020,ky,477,95
1/4/2020,sd,144,25
1/4/2020,tx,9857,1473
1/4/2020,vt,211,23
1/4/2020,wa,2651,417
1/4/2020,wi,1012,168
1/4/2020,wv,150,14
1/4/2020,wy,205,21
1/5/2020,al,500,85
1/5/2020,az,2070,307
1/5/2020,ca,15524,2469
1/5/2020,ga,3329,388
1/5/2020,il,3900,495
1/5/2020,la,583,150
1/5/2020,mt,206,30
1/5/2020,oh,1746,265
1/5/2020,ri,220,39
1/5/2020,sd,117,17
1/5/2020,wa,2347,356
1/6/2020,ak,187,28
1/6/2020,al,728,119
1/6/2020,az,2520,377
1/6/2020,ct,723,152
1/6/2020,ky,608,109
1/6/2020,md,2002,348
1/6/2020,mi,2128,365
1/6/2020,mo,1398,257
1/6/2020,ms,344,74
1/6/2020,nc,2373,368
1/6/2020,nd,273,40
1/6/2020,nm,475,57
1/6/2020,oh,2050,397
1/6/2020,sd,157,25
1/6/2020,va,2265,355
1/7/2020,ak,166,21
1/7/2020,al,744,155
1/7/2020,co,2823,458
1/7/2020,fl,7290,1172
1/7/2020,ky,619,96
1/7/2020,mn,1679,294
1/7/2020,nj,3654,590
1/7/2020,nm,477,84
1/7/2020,pa,2883,492
1/7/2020,sd,165,23
1/7/2020,tn,1576,259
1/7/2020,wi,1266,216
1/7/2020,wy,247,33
1/8/2020,ca,19203,3532
1/8/2020,de,204,49
1/8/2020,hi,463,83
1/8/2020,ia,692,99
1/8/2020,ks,506,98
1/8/2020,md,2066,390
1/8/2020,nj,3499,583
1/8/2020,ny,5563,1130
1/8/2020,sd,159,31
1/8/2020,tn,1584,254
1/8/2020,ut,1394,218
1/9/2020,?,2,0
1/9/2020,ca,20502,3714
1/9/2020,co,2837,432
1/9/2020,ia,699,136
1/9/2020,il,4649,871
1/9/2020,ks,521,102
1/9/2020,ky,614,94
1/9/2020,ms,398,108
1/9/2020,mt,241,42
1/9/2020,or,1360,267
1/9/2020,pa,2695,452
1/9/2020,sc,913,175
1/9/2020,wi,1251,245
1/10/2020,az,2565,428
1/10/2020,ca,19996,3165
1/10/2020,co,3013,428
1/10/2020,ct,757,162
1/10/2020,ga,4590,621
1/10/2020,ks,546,135
1/10/2020,mo,1511,334
1/10/2020,nh,307,51
1/10/2020,nm,506,79
1/10/2020,pa,2853,450
1/10/2020,ri,247,52
1/10/2020,ut,1355,207
1/10/2020,va,2405,355
1/10/2020,wy,244,39
1/11/2020,al,637,103
1/11/2020,az,2277,368
1/11/2020,ca,17351,2654
1/11/2020,hi,381,96
1/11/2020,ia,589,70
1/11/2020,il,3975,585
1/11/2020,la,788,113
1/11/2020,mn,1353,214
1/11/2020,nd,151,23
1/11/2020,nv,1733,251
1/11/2020,oh,1997,305
1/11/2020,pa,2406,354
1/11/2020,ri,242,53
1/11/2020,va,2206,336
1/11/2020,vt,189,22
1/12/2020,?,0,1
1/12/2020,az,2158,353
1/12/2020,ca,16243,2659
1/12/2020,co,2474,383
1/12/2020,dc,417,100
1/12/2020,id,352,56
1/12/2020,in,913,154
1/12/2020,ma,1723,323
1/12/2020,md,1830,364
1/12/2020,mi,2105,308
1/12/2020,mn,1252,210
1/12/2020,ne,404,56
1/12/2020,wi,1279,205
1/13/2020,ar,385,91
1/13/2020,id,439,102
1/13/2020,md,2030,454
1/13/2020,me,252,49
1/13/2020,nc,2502,431
1/13/2020,ny,5705,1181
1/13/2020,ok,684,106
1/13/2020,or,1324,256
1/13/2020,vt,217,33
1/14/2020,?,1,0
1/14/2020,dc,715,187
1/14/2020,ut,1406,223
1/14/2020,wi,1372,260
1/15/2020,co,2692,524
1/15/2020,de,183,37
1/15/2020,id,431,73
1/15/2020,il,4271,860
1/15/2020,ky,566,150
1/15/2020,me,211,60
1/15/2020,nc,2401,416
1/15/2020,nd,183,42
1/15/2020,nv,1573,282
1/15/2020,pa,2722,523
1/15/2020,sc,890,167
1/15/2020,wa,2326,552
1/16/2020,al,788,149
1/16/2020,de,214,46
1/16/2020,ga,5062,789
1/16/2020,hi,426,108
1/16/2020,mn,1622,421
1/16/2020,mo,1652,311
1/16/2020,nh,343,74
1/16/2020,ri,262,55
1/16/2020,sd,195,68
1/16/2020,tx,10574,1967
1/16/2020,va,2606,467
1/16/2020,wy,223,42
1/17/2020,ak,196,41
1/17/2020,al,799,153
1/17/2020,az,2786,526
1/17/2020,dc,793,161
1/17/2020,fl,8380,1384
1/17/2020,in,1072,183
1/17/2020,ky,598,109
1/17/2020,me,234,37
1/17/2020,mi,2461,487
1/17/2020,oh,2394,483
1/17/2020,or,1491,268
1/17/2020,tn,1679,283
1/17/2020,va,2547,522
1/17/2020,wi,1451,282
1/18/2020,ak,100,23
1/18/2020,al,628,103
1/18/2020,ca,17225,2691
1/18/2020,ct,665,106
1/18/2020,ks,418,52
1/18/2020,ma,1847,293
1/18/2020,md,1910,289
1/18/2020,me,182,32
1/18/2020,mt,174,27
1/18/2020,ny,4264,782
1/18/2020,oh,1923,317
1/18/2020,sc,711,121
1/18/2020,sd,144,33
1/19/2020,ar,333,58
1/19/2020,az,2024,299
1/19/2020,ca,15860,2611
1/19/2020,hi,328,86
1/19/2020,il,3407,514
1/19/2020,ks,353,43
1/19/2020,mi,1756,305
1/19/2020,mo,1153,155
1/19/2020,ms,289,51
1/19/2020,mt,213,22
1/19/2020,nc,2000,267
1/19/2020,ne,353,54
1/19/2020,nj,2794,356
1/19/2020,nv,1421,194
1/19/2020,ri,242,36
1/19/2020,sd,131,18
1/19/2020,tn,1338,184
1/19/2020,vt,203,30
1/19/2020,wa,2226,344
1/19/2020,wi,1108,131
1/19/2020,wy,172,18
1/20/2020,al,719,129
1/20/2020,ca,18229,3084
1/20/2020,de,194,48
1/20/2020,fl,7667,1253
1/20/2020,in,1085,145
1/20/2020,ks,561,87
1/20/2020,mi,2073,351
1/20/2020,ms,352,80
1/20/2020,mt,278,21
1/20/2020,nh,334,58
1/20/2020,ri,261,61
1/20/2020,vt,191,26
1/20/2020,wa,2511,406
1/20/2020,wv,157,26
1/21/2020,al,753,148
1/21/2020,ca,19942,4128
1/21/2020,id,472,66
1/21/2020,mo,1367,386
1/21/2020,mt,282,47
1/21/2020,nd,234,49
1/21/2020,oh,2185,475
1/21/2020,tn,1618,330
1/21/2020,vt,197,37
1/21/2020,wy,217,36
1/22/2020,ak,170,30
1/22/2020,ct,835,145
1/22/2020,fl,7654,1237
1/22/2020,id,438,70
1/22/2020,ks,538,118
1/22/2020,ky,563,95
1/22/2020,md,1979,352
1/22/2020,me,230,41
1/22/2020,mi,2083,389
1/22/2020,nj,3053,542
1/22/2020,sc,894,131
1/22/2020,tx,10283,1638
1/22/2020,ut,1429,252
1/22/2020,va,2274,432
1/23/2020,ak,174,24
1/23/2020,dc,1034,158
1/23/2020,hi,395,99
1/23/2020,ks,552,99
1/23/2020,la,922,194
1/23/2020,nc,2369,415
1/23/2020,nd,211,54
1/23/2020,ne,499,91
1/23/2020,or,1407,298
1/23/2020,tn,1607,304
1/23/2020,tx,10238,2085
1/23/2020,ut,1414,229
1/23/2020,wi,1371,255
1/24/2020,al,795,129
1/24/2020,az,2605,449
1/24/2020,ct,854,193
1/24/2020,dc,899,150
1/24/2020,hi,390,88
1/24/2020,la,848,139
1/24/2020,mi,2171,385
1/24/2020,nc,2372,375
1/24/2020,ne,526,72
1/24/2020,nh,295,50
1/24/2020,ny,5779,1141
1/24/2020,ri,261,38
1/25/2020,ar,321,37
1/25/2020,ca,16943,2762
1/25/2020,fl,6447,1132
1/25/2020,ga,3939,551
1/25/2020,il,4342,654
1/25/2020,in,1147,179
1/25/2020,ma,1831,320
1/25/2020,mi,1838,316
1/25/2020,ms,341,61
1/25/2020,nc,1973,328
1/25/2020,nm,434,67
1/25/2020,nv,1154,230
1/25/2020,oh,2004,322
1/25/2020,sd,157,20
1/25/2020,ut,1148,176
1/25/2020,va,2054,308
1/25/2020,wi,1075,177
1/25/2020,wv,106,19
1/26/2020,al,568,75
1/26/2020,az,1951,335
1/26/2020,fl,5720,843
1/26/2020,ga,3435,498
1/26/2020,hi,341,67
1/26/2020,md,1809,310
1/26/2020,me,225,31
1/26/2020,mt,165,27
1/26/2020,nh,293,36
1/26/2020,nj,2562,376
1/26/2020,or,973,209
1/26/2020,sd,139,20
1/26/2020,wv,151,26
1/27/2020,al,688,152
1/27/2020,ar,335,86
1/27/2020,co,2566,429
1/27/2020,fl,7258,1295
1/27/2020,ia,651,120
1/27/2020,id,444,83
1/27/2020,in,1233,212
1/27/2020,mn,1612,326
1/27/2020,ms,358,106
1/27/2020,mt,271,48
1/27/2020,nc,2288,425
1/27/2020,nd,223,42
1/27/2020,ny,5452,1116
1/27/2020,or,1285,239
1/27/2020,pa,2907,497
1/27/2020,vt,219,40
1/28/2020,ak,173,27
1/28/2020,az,2436,490
1/28/2020,dc,736,145
1/28/2020,de,190,41
1/28/2020,ks,607,94
1/28/2020,me,235,40
1/28/2020,ny,5788,1264
1/28/2020,oh,2225,403
1/28/2020,or,1313,234
1/28/2020,pa,2953,482
1/28/2020,ut,1390,254
1/28/2020,va,2240,432
1/28/2020,vt,228,45
1/28/2020,wv,158,31
1/29/2020,ca,18698,3676
1/29/2020,id,428,69
1/29/2020,in,1274,232
1/29/2020,ma,2228,417
1/29/2020,mo,1290,268
1/29/2020,nj,3104,579
1/29/2020,ri,293,54
1/29/2020,sd,172,26
1/29/2020,ut,1378,279
1/29/2020,va,2191,377
1/29/2020,wv,157,29
1/30/2020,?,2,0
1/30/2020,ak,199,31
1/30/2020,ct,772,173
1/30/2020,de,179,41
1/30/2020,id,430,62
1/30/2020,in,1291,213
1/30/2020,la,918,217
1/30/2020,md,2042,476
1/30/2020,mt,238,51
1/30/2020,nd,206,42
1/30/2020,nh,288,76
1/30/2020,ny,5868,1270
1/30/2020,pa,2902,555
1/30/2020,tn,1553,291
1/30/2020,tx,10679,1950
1/30/2020,vt,197,38
1/31/2020,?,3,0
1/31/2020,al,745,169
1/31/2020,az,2418,487
1/31/2020,de,193,35
1/31/2020,hi,360,130
1/31/2020,md,2105,438
1/31/2020,me,232,46
1/31/2020,ne,546,87
1/31/2020,nj,3367,626
1/31/2020,nm,527,91
1/31/2020,nv,1424,306
1/31/2020,oh,2425,499
1/31/2020,or,1335,267
1/31/2020,ri,267,55
1/31/2020,sd,179,40
2/1/2020,al,621,97
2/1/2020,fl,6538,1159
2/1/2020,md,1864,310
2/1/2020,mi,1880,338
2/1/2020,nc,1990,375
2/1/2020,ne,435,64
2/1/2020,nm,442,54
2/1/2020,pa,2380,435
2/1/2020,sd,108,21
2/1/2020,vt,230,25
2/1/2020,wi,1110,197
2/2/2020,al,517,98
2/2/2020,ca,14493,2676
2/2/2020,co,1959,348
2/2/2020,dc,460,81
2/2/2020,fl,5844,1018
2/2/2020,hi,318,81
2/2/2020,nd,124,23
2/2/2020,tx,7877,1182
2/2/2020,wv,138,23
2/2/2020,wy,174,29
2/3/2020,?,4,0
2/3/2020,ca,16693,3701
2/3/2020,dc,707,172
2/3/2020,fl,7293,1463
2/3/2020,ga,3683,671
2/3/2020,id,387,81
2/3/2020,in,986,239
2/3/2020,me,210,41
2/3/2020,mo,1132,295
2/3/2020,nh,252,51
2/3/2020,nj,2758,627
2/3/2020,nv,1409,440
2/4/2020,?,5,1
2/4/2020,ar,424,77
2/4/2020,az,2590,501
2/4/2020,ct,804,193
2/4/2020,hi,368,106
2/4/2020,ia,739,146
2/4/2020,md,2075,520
2/4/2020,mt,293,52
2/4/2020,nc,2431,497
2/4/2020,nh,320,63
2/4/2020,nj,3253,703
2/4/2020,nv,1613,321
2/4/2020,ok,700,134
2/4/2020,ri,284,69
2/5/2020,?,4,2
2/5/2020,az,2480,563
2/5/2020,co,2734,512
2/5/2020,dc,713,185
2/5/2020,fl,8011,1522
2/5/2020,in,1153,229
2/5/2020,ks,583,88
2/5/2020,ky,633,140
2/5/2020,me,256,47
2/5/2020,mo,1378,309
2/5/2020,ms,386,111
2/5/2020,mt,303,47
2/5/2020,nd,207,35
2/5/2020,oh,2496,457
2/5/2020,pa,2748,544
2/5/2020,ri,262,40
2/5/2020,sc,899,184
2/5/2020,sd,174,32
2/5/2020,vt,220,56
2/6/2020,al,796,198
2/6/2020,az,2645,532
2/6/2020,dc,816,189
2/6/2020,ga,4331,914
2/6/2020,md,2180,489
2/6/2020,nd,218,44
2/6/2020,nm,572,117
2/6/2020,sd,200,48
2/6/2020,ut,1449,303
2/6/2020,wy,232,56
2/7/2020,al,859,133
2/7/2020,ar,444,57
2/7/2020,az,2680,464
2/7/2020,ia,774,148
2/7/2020,ks,572,91
2/7/2020,me,261,60
2/7/2020,ne,541,88
2/7/2020,nv,1714,307
2/7/2020,ok,704,107
2/7/2020,or,1534,252
2/7/2020,sc,961,205
2/7/2020,tn,2111,316
2/7/2020,tx,11859,1874
2/7/2020,vt,243,47
2/8/2020,ar,370,67
2/8/2020,az,2214,379
2/8/2020,hi,270,86
2/8/2020,ia,604,76
2/8/2020,ks,456,76
2/8/2020,md,1982,333
2/8/2020,ms,353,61
2/8/2020,mt,246,44
2/8/2020,nd,177,26
2/8/2020,or,1280,214
2/8/2020,tn,2493,266
2/8/2020,vt,167,36
2/9/2020,ak,148,23
2/9/2020,hi,329,77
2/9/2020,id,374,62
2/9/2020,ks,470,70
2/9/2020,la,711,124
2/9/2020,nm,474,59
2/9/2020,nv,1418,288
2/9/2020,or,1351,207
2/9/2020,tn,2240,281
2/9/2020,va,2167,410
2/9/2020,wa,2435,406
2/10/2020,az,2724,532
2/10/2020,ga,4024,843
2/10/2020,id,480,95
2/10/2020,il,5108,1019
2/10/2020,mt,282,51
2/10/2020,nd,242,37
2/10/2020,ny,6532,1305
2/10/2020,ok,705,114
2/10/2020,pa,3166,613
2/10/2020,sc,930,178
2/10/2020,va,2794,508
2/10/2020,wi,1342,257
2/10/2020,wv,190,23
2/11/2020,ak,204,44
2/11/2020,az,2971,631
2/11/2020,de,220,36
2/11/2020,ga,4253,959
2/11/2020,hi,420,109
2/11/2020,ia,823,167
2/11/2020,ma,2593,489
2/11/2020,md,2281,556
2/11/2020,me,278,57
2/11/2020,ms,494,133
2/11/2020,sd,227,39
2/11/2020,wy,254,58
2/12/2020,ak,186,45
2/12/2020,ca,21222,4762
2/12/2020,co,2891,495
2/12/2020,ct,959,185
2/12/2020,dc,797,178
2/12/2020,ga,4098,907
2/12/2020,il,5170,1058
2/12/2020,ks,605,120
2/12/2020,la,1015,198
2/12/2020,nd,235,53
2/12/2020,ne,606,97
2/12/2020,nm,602,110
2/12/2020,ok,718,141
2/12/2020,sc,944,237
2/12/2020,sd,213,46
2/12/2020,vt,198,42
2/12/2020,wi,1415,251
2/13/2020,ct,938,234
2/13/2020,id,492,95
2/13/2020,ks,622,121
2/13/2020,la,965,230
2/13/2020,md,2314,544
2/13/2020,mt,297,47
2/13/2020,nc,2820,596
2/13/2020,nd,273,56
2/13/2020,nj,3597,762
2/13/2020,nm,613,136
2/13/2020,oh,2501,574
2/13/2020,ri,310,64
2/13/2020,sd,179,40
2/14/2020,co,2730,512
2/14/2020,hi,404,98
2/14/2020,id,504,87
2/14/2020,mn,1624,280
2/14/2020,ne,539,90
2/14/2020,nh,331,55
2/14/2020,ok,716,111
2/14/2020,ri,325,51
2/14/2020,sd,172,27
2/15/2020,ga,2811,556
2/15/2020,hi,298,80
2/15/2020,id,454,71
2/15/2020,il,5068,748
2/15/2020,ks,436,82
2/15/2020,ma,2091,387
2/15/2020,md,2060,340
2/15/2020,mt,224,32
2/15/2020,nc,2558,390
2/15/2020,nh,318,64
2/15/2020,ok,693,88
2/15/2020,sd,151,21
2/15/2020,tn,2779,286
2/15/2020,vt,146,29
2/15/2020,wi,1200,191
2/16/2020,?,1,0
2/16/2020,al,598,103
2/16/2020,ca,16987,2909
2/16/2020,de,153,30
2/16/2020,ks,436,72
2/16/2020,me,249,50
2/16/2020,nc,2233,334
2/16/2020,ne,494,56
2/16/2020,nv,1464,266
2/16/2020,tn,2479,289
2/16/2020,wy,231,30
2/17/2020,?,6,2
2/17/2020,ak,159,38
2/17/2020,al,832,162
2/17/2020,az,2673,560
2/17/2020,ca,18685,3573
2/17/2020,id,493,88
2/17/2020,il,4978,991
2/17/2020,ks,611,108
2/17/2020,mi,2456,475
2/17/2020,ms,419,124
2/17/2020,nd,246,39
2/17/2020,ne,562,98
2/17/2020,nh,390,87
2/17/2020,nv,2003,323
2/17/2020,ny,5841,1329
2/17/2020,pa,3136,555
2/17/2020,tx,11707,1906
2/17/2020,vt,159,36
2/17/2020,wv,202,45
2/18/2020,ca,19469,4498
2/18/2020,co,2824,604
2/18/2020,ct,810,176
2/18/2020,ks,572,126
2/18/2020,ma,2264,434
2/18/2020,me,315,68
2/18/2020,nm,517,111
2/18/2020,nv,2301,385
2/18/2020,oh,2464,536
2/18/2020,ok,729,129
2/18/2020,sd,196,35
2/18/2020,tn,2706,512
2/18/2020,va,2561,571
2/18/2020,wv,191,30
2/19/2020,al,848,154
2/19/2020,ar,447,83
2/19/2020,az,2767,543
2/19/2020,ca,19992,4152
2/19/2020,ct,800,162
2/19/2020,de,188,44
2/19/2020,ia,811,132
2/19/2020,ms,431,123
2/19/2020,mt,323,64
2/19/2020,nj,3427,696
2/19/2020,ut,1552,252
2/19/2020,wv,192,39
2/19/2020,wy,245,47
2/20/2020,?,2,0
2/20/2020,ar,551,101
2/20/2020,dc,762,136
2/20/2020,in,1263,240
2/20/2020,md,2184,438
2/20/2020,mn,1675,299
2/20/2020,mt,295,58
2/20/2020,ne,598,100
2/20/2020,ok,800,195
2/20/2020,or,1710,265
2/20/2020,tn,2798,385
2/20/2020,va,2645,476
2/21/2020,ak,172,42
2/21/2020,co,2819,491
2/21/2020,il,5187,899
2/21/2020,mn,1886,349
2/21/2020,nd,282,48
2/21/2020,oh,2717,503
2/21/2020,pa,3096,529
2/21/2020,wy,318,38
2/22/2020,de,200,36
2/22/2020,fl,7150,1181
2/22/2020,ia,699,111
2/22/2020,id,396,53
2/22/2020,la,802,120
2/22/2020,mi,2020,367
2/22/2020,mo,1710,243
2/22/2020,ms,363,77
2/22/2020,nd,179,31
2/22/2020,nm,474,68
2/22/2020,ny,4803,885
2/22/2020,oh,2296,372
2/22/2020,pa,2633,439
2/22/2020,sc,745,160
2/22/2020,vt,161,33
2/22/2020,wa,2656,429
2/23/2020,?,0,1
2/23/2020,ca,15588,2915
2/23/2020,ia,677,117
2/23/2020,id,410,68
2/23/2020,il,3958,710
2/23/2020,la,687,141
2/23/2020,mn,1711,307
2/23/2020,ms,359,72
2/23/2020,mt,252,54
2/23/2020,ne,443,63
2/23/2020,nh,291,60
2/23/2020,nm,482,80
2/23/2020,nv,1208,242
2/23/2020,oh,2095,410
2/23/2020,ok,604,75
2/23/2020,pa,2390,389
2/24/2020,?,5,0
2/24/2020,ak,186,39
2/24/2020,hi,348,123
2/24/2020,ks,656,125
2/24/2020,me,270,55
2/24/2020,mi,2553,499
2/24/2020,ms,457,101
2/24/2020,mt,345,57
2/24/2020,nd,211,32
2/24/2020,ok,796,157
2/24/2020,pa,3038,631
2/24/2020,tn,1847,374
2/24/2020,ut,1732,276
2/24/2020,wv,194,49
2/25/2020,dc,986,204
2/25/2020,de,196,51
2/25/2020,ga,5655,972
2/25/2020,mn,1940,374
2/25/2020,ne,577,118
2/25/2020,ny,6055,1401
2/25/2020,oh,2569,543
2/25/2020,pa,3103,627
2/25/2020,ri,215,54
2/25/2020,sc,951,185
2/25/2020,sd,192,35
2/25/2020,wa,2861,695
2/25/2020,wv,219,46
2/26/2020,ca,19114,4370
2/26/2020,in,1459,281
2/26/2020,md,2031,461
2/26/2020,mo,2063,415
2/26/2020,nd,260,50
2/26/2020,nj,3479,738
2/26/2020,nv,1403,329
2/26/2020,oh,2683,531
2/26/2020,or,1892,329
2/26/2020,pa,3099,689
2/26/2020,ri,229,55
2/26/2020,sc,908,210
2/26/2020,sd,205,29
2/26/2020,vt,142,33
2/26/2020,wi,1540,329
2/27/2020,ar,501,102
2/27/2020,hi,345,173
2/27/2020,ia,923,172
2/27/2020,me,293,58
2/27/2020,or,1882,353
2/27/2020,sd,193,48
2/27/2020,tn,1844,417
2/27/2020,vt,154,47
2/27/2020,wa,2732,607
2/28/2020,az,2860,591
2/28/2020,co,2879,588
2/28/2020,dc,1035,209
2/28/2020,in,1441,264
2/28/2020,md,2130,458
2/28/2020,ms,560,123
2/28/2020,nh,286,57
2/28/2020,oh,2689,512
2/28/2020,sd,201,38
2/28/2020,tn,1796,329
2/28/2020,tx,12229,2247
2/28/2020,va,2649,623
2/28/2020,wi,1445,285
2/29/2020,az,2476,511
2/29/2020,ca,16765,3569
2/29/2020,ct,803,188
2/29/2020,de,171,32
2/29/2020,ia,738,133
2/29/2020,id,415,57
2/29/2020,il,4654,821
2/29/2020,in,1145,215
2/29/2020,ne,535,77
2/29/2020,nm,538,109
2/29/2020,ok,700,107
2/29/2020,ri,178,39
2/29/2020,sd,143,24
2/29/2020,va,2160,490
2/29/2020,vt,134,38
2/29/2020,wi,1271,226
2/29/2020,wv,206,37
2/29/2020,wy,241,34
3/1/2020,ga,4065,767
3/1/2020,id,423,96
3/1/2020,ma,1590,407
3/1/2020,mn,1510,317
3/1/2020,ms,374,73
3/1/2020,nd,193,31
3/1/2020,nh,309,49
3/1/2020,ut,1180,230
3/1/2020,wa,2480,539
3/2/2020,?,2,3
3/2/2020,ar,498,116
3/2/2020,az,2722,700
3/2/2020,co,2885,686
3/2/2020,fl,7810,2013
3/2/2020,ga,4907,1130
3/2/2020,hi,306,171
3/2/2020,mo,1746,380
3/2/2020,nd,241,56
3/2/2020,nh,281,90
3/2/2020,oh,2543,654
3/2/2020,sd,243,45
3/2/2020,vt,152,41
3/3/2020,co,2704,798
3/3/2020,in,1267,319
3/3/2020,ks,574,135
3/3/2020,ky,756,186
3/3/2020,mo,1504,434
3/3/2020,ms,521,158
3/3/2020,nj,3166,917
3/3/2020,ny,5204,1816
3/3/2020,ok,800,180
3/3/2020,ri,161,78
3/3/2020,sd,211,45
3/3/2020,tx,11344,3303
3/3/2020,va,2195,686
3/3/2020,vt,131,44
3/3/2020,wv,200,30
3/4/2020,ct,825,251
3/4/2020,de,212,65
3/4/2020,hi,336,238
3/4/2020,mi,2323,709
3/4/2020,ny,5299,1809
3/4/2020,ri,196,77
3/4/2020,sd,196,29
3/4/2020,tn,1692,458
3/4/2020,ut,1331,402
3/5/2020,ca,17675,5863
3/5/2020,co,2667,797
3/5/2020,hi,341,191
3/5/2020,md,1919,601
3/5/2020,mn,1738,440
3/5/2020,mo,1632,412
3/5/2020,ny,5120,1899
3/5/2020,tn,1719,458
3/5/2020,tx,11848,3209
3/5/2020,ut,1462,359
3/5/2020,vt,139,39
3/6/2020,ak,152,45
3/6/2020,az,2617,832
3/6/2020,ca,17457,5891
3/6/2020,ct,854,274
3/6/2020,fl,7717,2166
3/6/2020,ks,618,158
3/6/2020,me,219,70
3/6/2020,ne,557,139
3/6/2020,nj,3243,890
3/6/2020,ny,5261,1923
3/6/2020,ok,830,156
3/6/2020,vt,135,45
3/6/2020,wy,223,49
3/7/2020,ct,688,212
3/7/2020,id,394,111
3/7/2020,in,1221,288
3/7/2020,md,1835,506
3/7/2020,nm,440,99
3/7/2020,nv,1185,387
3/7/2020,ny,4373,1410
3/7/2020,sc,619,177
3/7/2020,sd,130,21
3/7/2020,va,2211,569
3/7/2020,vt,123,47
3/8/2020,ak,129,48
3/8/2020,ca,12601,3977
3/8/2020,ga,3824,758
3/8/2020,il,3566,932
3/8/2020,in,1022,266
3/8/2020,ks,420,118
3/8/2020,ky,451,118
3/8/2020,la,616,156
3/8/2020,md,1407,473
3/8/2020,mo,1230,265
3/8/2020,nh,212,83
3/8/2020,nj,2338,679
3/8/2020,nv,1058,300
3/8/2020,oh,1788,446
3/8/2020,or,1373,407
3/8/2020,ut,1083,289
3/8/2020,va,1980,592
3/9/2020,ca,16029,7153
3/9/2020,de,164,52
3/9/2020,ia,791,232
3/9/2020,ks,619,200
3/9/2020,mn,1585,551
3/9/2020,mo,1725,645
3/9/2020,nh,242,119
3/9/2020,ny,4491,2220
3/9/2020,or,1413,569
3/9/2020,ri,178,95
3/9/2020,tn,1529,562
3/9/2020,tx,11571,3534
3/9/2020,wa,2312,1035
3/10/2020,az,2495,1165
3/10/2020,ca,17064,8688
3/10/2020,de,208,110
3/10/2020,in,1241,579
3/10/2020,md,1656,903
3/10/2020,me,196,130
3/10/2020,mn,1507,694
3/10/2020,mt,245,126
3/10/2020,ny,4392,2812
3/10/2020,sc,747,359
3/10/2020,ut,1389,563
3/10/2020,va,2341,1051
3/11/2020,ak,167,101
3/11/2020,ga,4558,1782
3/11/2020,hi,288,301
3/11/2020,in,1189,752
3/11/2020,ks,576,294
3/11/2020,md,1741,1072
3/11/2020,me,172,174
3/11/2020,mn,1438,808
3/11/2020,mo,1582,808
3/11/2020,wy,201,96
3/12/2020,az,2225,2500
3/12/2020,co,1996,2925
3/12/2020,dc,706,834
3/12/2020,ga,4212,3239
3/12/2020,ia,696,948
3/12/2020,la,759,782
3/12/2020,ma,1100,2123
3/12/2020,mi,1577,2481
3/12/2020,mo,1456,1915
3/12/2020,ms,386,405
3/12/2020,nh,204,340
3/12/2020,nj,2400,2906
3/12/2020,ny,3346,5784
3/12/2020,or,1065,1841
3/12/2020,pa,2022,3139
3/12/2020,sd,129,197
3/12/2020,tn,1328,1616
3/12/2020,va,1874,2509
3/12/2020,vt,75,184
3/12/2020,wi,972,1805
3/13/2020,?,2,1
3/13/2020,ak,89,197
3/13/2020,fl,6739,8436
3/13/2020,id,338,756
3/13/2020,mi,1459,2832
3/13/2020,mn,1215,2006
3/13/2020,mo,1367,1959
3/13/2020,nc,1901,2406
3/13/2020,nj,2344,2869
3/13/2020,nm,356,756
3/13/2020,or,916,1911
3/13/2020,sd,106,277
3/13/2020,tn,1351,1747
3/13/2020,ut,998,1698
3/14/2020,ca,11727,11498
3/14/2020,co,1863,2046
3/14/2020,dc,507,444
3/14/2020,il,3535,3181
3/14/2020,la,589,452
3/14/2020,mo,1250,1137
3/14/2020,ms,265,202
3/14/2020,mt,124,251
3/14/2020,nd,78,146
3/14/2020,nv,958,1029
3/14/2020,ny,2744,3262
3/14/2020,ok,639,472
3/14/2020,ri,134,163
3/14/2020,tn,1209,929
3/14/2020,tx,8749,5136
3/14/2020,va,1641,1421
3/14/2020,wi,755,1316
3/15/2020,?,1,0
3/15/2020,co,1604,2005
3/15/2020,ct,339,475
3/15/2020,de,89,81
3/15/2020,in,757,788
3/15/2020,ks,262,279
3/15/2020,ky,272,321
3/15/2020,ma,716,1216
3/15/2020,md,1113,1135
3/15/2020,nh,124,206
3/15/2020,nj,1798,1456
3/15/2020,ny,2159,3114
3/15/2020,or,856,968
3/15/2020,sd,88,104
3/15/2020,tx,6970,4063
3/15/2020,vt,54,107
3/15/2020,wa,1257,1485
3/15/2020,wv,82,89
3/16/2020,al,107,123
3/16/2020,ct,54,128
3/16/2020,de,14,27
3/16/2020,fl,1241,929
3/16/2020,ky,74,94
3/16/2020,ma,168,302
3/16/2020,nc,319,291
3/16/2020,pa,332,350
3/16/2020,wi,166,347
1/1/2020,ar,230,44
1/1/2020,ma,1312,240
1/1/2020,me,181,36
1/1/2020,mn,1063,164
1/1/2020,ms,238,57
1/1/2020,nm,314,51
1/1/2020,pa,1825,341
1/2/2020,al,737,142
1/2/2020,ca,19022,3418
1/2/2020,dc,907,162
1/2/2020,ia,743,115
1/2/2020,id,396,62
1/2/2020,il,4098,801
1/2/2020,mo,2061,304
1/2/2020,ne,494,86
1/2/2020,sd,181,30
1/2/2020,va,2285,405
1/2/2020,wy,234,22
1/3/2020,ak,169,27
1/3/2020,fl,8788,1406
1/3/2020,il,4812,735
1/3/2020,mi,2243,471
1/3/2020,ms,435,82
1/3/2020,mt,280,42
1/3/2020,nd,239,46
1/3/2020,nm,572,84
1/3/2020,oh,2293,412
1/3/2020,ri,272,57
1/3/2020,sd,182,17
1/3/2020,ut,1569,205
1/4/2020,?,1,1
1/4/2020,az,2284,397
1/4/2020,de,155,29
1/4/2020,ks,383,82
1/4/2020,la,753,152
1/4/2020,mi,1928,342
1/4/2020,mn,1349,227
1/4/2020,ms,292,69
1/4/2020,mt,206,34
1/4/2020,nc,2064,333
1/4/2020,oh,1873,345
1/4/2020,or,1090,183
1/4/2020,sc,737,132
1/4/2020,ut,1159,156
1/5/2020,co,2277,309
1/5/2020,ct,658,105
1/5/2020,hi,319,77
1/5/2020,ma,1698,281
1/5/2020,md,1724,282
1/5/2020,me,207,29
1/5/2020,mo,1105,154
1/5/2020,ne,346,48
1/5/2020,pa,2377,365
1/5/2020,tn,1273,169
1/5/2020,wv,137,16
1/5/2020,wy,180,31
1/6/2020,ca,18795,3127
1/6/2020,de,195,35
1/6/2020,ga,4157,568
1/6/2020,il,4718,714
1/6/2020,in,1073,191
1/6/2020,ma,2097,361
1/6/2020,me,238,48
1/6/2020,ri,251,50
1/6/2020,tx,10314,1465
1/6/2020,wa,2712,450
1/6/2020,wy,228,50
1/7/2020,?,3,0
1/7/2020,dc,740,138
1/7/2020,ga,4074,524
1/7/2020,hi,394,92
1/7/2020,id,426,83
1/7/2020,mi,2379,396
1/7/2020,nc,2462,303
1/7/2020,ne,518,70
1/7/2020,nh,309,53
1/7/2020,ny,5728,1111
1/7/2020,oh,2213,408
1/7/2020,or,1351,265
1/7/2020,sc,917,163
1/7/2020,ut,1389,193
1/7/2020,vt,212,34
1/7/2020,wa,2969,476
1/8/2020,al,780,146
1/8/2020,ct,828,165
1/8/2020,id,410,73
1/8/2020,il,4668,859
1/8/2020,mi,2371,434
1/8/2020,mo,1324,265
1/8/2020,nd,217,35
1/8/2020,ne,512,85
1/8/2020,nh,300,44
1/8/2020,nm,499,86
1/8/2020,ok,543,100
1/8/2020,ri,239,48
1/8/2020,sc,891,171
1/8/2020,tx,10214,1682
1/8/2020,vt,216,30
1/8/2020,wa,3013,525
1/8/2020,wv,155,36
1/9/2020,az,2744,478
1/9/2020,de,194,33
1/9/2020,ga,4073,699
1/9/2020,la,843,183
1/9/2020,mi,2464,479
1/9/2020,nd,202,35
1/9/2020,ne,527,92
1/9/2020,nj,3603,619
1/9/2020,nm,560,109
1/9/2020,oh,2273,374
1/9/2020,ut,1395,226
1/9/2020,va,2412,395
1/9/2020,wy,242,46
1/10/2020,ar,398,79
1/10/2020,dc,732,118
1/10/2020,hi,448,90
1/10/2020,ia,751,161
1/10/2020,il,4906,878
1/10/2020,mi,2376,485
1/10/2020,mn,1647,278
1/10/2020,nd,194,37
1/10/2020,ne,535,82
1/10/2020,nv,1901,273
1/10/2020,or,1296,233
1/10/2020,tn,1460,249
1/10/2020,vt,242,50
1/11/2020,ar,320,43
1/11/2020,ct,633,102
1/11/2020,id,334,48
1/11/2020,mi,2268,406
1/11/2020,mt,205,26
1/11/2020,ne,415,62
1/11/2020,nh,273,41
1/11/2020,nj,2890,408
1/11/2020,ok,608,75
1/11/2020,or,1081,183
1/11/2020,sd,141,19
1/11/2020,tn,1334,189
1/11/2020,tx,9106,1281
1/11/2020,wa,2255,428
1/12/2020,ar,304,37
1/12/2020,de,161,28
1/12/2020,ga,4036,483
1/12/2020,il,3629,565
1/12/2020,la,667,115
1/12/2020,mo,1228,179
1/12/2020,nd,152,27
1/12/2020,nm,348,74
1/12/2020,pa,2353,329
1/12/2020,ri,205,33
1/12/2020,tn,1196,215
1/12/2020,tx,7761,1157
1/12/2020,ut,1080,161
1/12/2020,vt,206,41
1/13/2020,?,4,1
1/13/2020,ca,20079,3640
1/13/2020,fl,8065,1339
1/13/2020,hi,407,91
1/13/2020,in,1109,212
1/13/2020,mo,1553,297
1/13/2020,ms,351,88
1/13/2020,ne,510,78
1/13/2020,nh,337,62
1/13/2020,nj,3207,562
1/13/2020,nm,547,74
1/13/2020,sd,186,29
1/13/2020,ut,1489,250
1/13/2020,va,2559,487
1/13/2020,wa,2449,533
1/13/2020,wy,229,33
1/14/2020,ar,375,80
1/14/2020,ca,19283,3860
1/14/2020,de,200,48
1/14/2020,id,386,72
1/14/2020,ks,489,96
1/14/2020,md,2113,473
1/14/2020,mn,1519,316
1/14/2020,mt,283,55
1/14/2020,ne,500,97
1/14/2020,nh,325,71
1/14/2020,nj,3096,601
1/14/2020,nm,493,119
1/14/2020,nv,1565,339
1/14/2020,oh,2119,396
1/14/2020,pa,2735,538
1/14/2020,sc,840,209
1/14/2020,tn,1391,276
1/14/2020,wa,2410,540
1/14/2020,wy,204,41
1/15/2020,?,1,1
1/15/2020,ak,164,21
1/15/2020,ca,20031,3842
1/15/2020,dc,634,155
1/15/2020,ks,534,101
1/15/2020,ma,2159,418
1/15/2020,mn,1606,361
1/15/2020,ny,5661,1149
1/15/2020,oh,2198,408
1/15/2020,ok,607,114
1/15/2020,tx,10008,1889
1/15/2020,wy,201,40
1/16/2020,ar,424,92
1/16/2020,ca,20957,4279
1/16/2020,fl,8393,1473
1/16/2020,il,4582,960
1/16/2020,in,1137,212
1/16/2020,ks,569,118
1/16/2020,ky,649,108
1/16/2020,me,265,40
1/16/2020,nd,219,74
1/16/2020,ne,503,99
1/16/2020,nm,520,108
1/16/2020,or,1522,295
1/16/2020,sc,946,167
1/16/2020,ut,1530,233
1/16/2020,wv,236,35
1/17/2020,?,2,0
1/17/2020,ca,20998,3843
1/17/2020,ia,700,200
1/17/2020,id,435,82
1/17/2020,ma,2235,379
1/17/2020,md,2186,424
1/17/2020,nd,206,103
1/17/2020,ne,536,98
1/17/2020,sc,982,151
1/17/2020,sd,170,59
1/17/2020,vt,249,42
1/17/2020,wa,2555,498
1/18/2020,ia,581,105
1/18/2020,id,331,63
1/18/2020,ms,293,51
1/18/2020,nd,166,54
1/18/2020,ne,452,63
1/18/2020,nh,293,42
1/18/2020,ok,524,87
1/18/2020,or,1252,171
1/18/2020,va,1869,312
1/18/2020,wi,1163,180
1/18/2020,wy,185,35
1/19/2020,dc,628,83
1/19/2020,ga,3438,421
1/19/2020,ia,589,86
1/19/2020,in,865,134
1/19/2020,me,206,33
1/19/2020,mn,1309,215
1/19/2020,nd,129,24
1/19/2020,nm,391,48
1/19/2020,tx,8006,1034
1/19/2020,wv,145,21
1/20/2020,ar,356,54
1/20/2020,dc,688,124
1/20/2020,id,464,80
1/20/2020,nc,2350,371
1/20/2020,nd,193,27
1/20/2020,nv,1601,263
1/20/2020,ny,4841,943
1/20/2020,tx,9923,1476
1/20/2020,va,2184,376
1/20/2020,wy,190,24
1/21/2020,az,2608,546
1/21/2020,co,2555,588
1/21/2020,ct,812,173
1/21/2020,dc,894,181
1/21/2020,in,1132,224
1/21/2020,la,859,172
1/21/2020,ma,2108,445
1/21/2020,me,241,52
1/21/2020,ms,408,108
1/21/2020,nc,2446,617
1/21/2020,ne,454,99
1/21/2020,nh,321,54
1/21/2020,nj,3006,657
1/21/2020,ny,5642,1150
1/21/2020,ok,629,110
1/21/2020,or,1526,297
1/22/2020,?,2,0
1/22/2020,ar,388,72
1/22/2020,ca,19498,3543
1/22/2020,ga,4091,640
1/22/2020,in,1054,196
1/22/2020,la,879,170
1/22/2020,ma,1984,381
1/22/2020,nc,2422,416
1/22/2020,nm,493,76
1/22/2020,nv,1762,270
1/22/2020,ny,5613,1052
1/22/2020,oh,2127,379
1/22/2020,ok,604,95
1/22/2020,or,1330,254
1/22/2020,sd,179,22
1/22/2020,wa,2470,426
1/23/2020,?,4,0
1/23/2020,ar,437,89
1/23/2020,az,2476,468
1/23/2020,ca,19590,3942
1/23/2020,ct,806,165
1/23/2020,ga,4190,814
1/23/2020,id,432,76
1/23/2020,in,1126,203
1/23/2020,mi,2150,496
1/23/2020,mn,1668,304
1/23/2020,mt,247,35
1/23/2020,nj,3263,591
1/23/2020,ok,614,113
1/23/2020,pa,2816,512
1/23/2020,sd,183,31
1/24/2020,?,2,0
1/24/2020,ar,383,62
1/24/2020,ga,4412,611
1/24/2020,id,449,74
1/24/2020,il,4643,774
1/24/2020,in,1133,180
1/24/2020,ky,573,124
1/24/2020,md,2173,377
1/24/2020,me,225,36
1/24/2020,mt,275,33
1/24/2020,nd,181,33
1/24/2020,nj,3296,581
1/24/2020,nm,479,94
1/24/2020,ok,639,98
1/24/2020,wi,1358,226
1/24/2020,wv,177,32
1/24/2020,wy,270,31
1/25/2020,al,636,135
1/25/2020,dc,581,109
1/25/2020,hi,336,88
1/25/2020,id,340,53
1/25/2020,mo,1168,210
1/25/2020,mt,203,22
1/25/2020,nd,165,23
1/25/2020,nh,297,47
1/25/2020,or,1072,174
1/25/2020,ri,270,38
1/25/2020,sc,663,146
1/25/2020,tx,9780,1424
1/26/2020,ca,14808,2420
1/26/2020,de,167,22
1/26/2020,ia,632,101
1/26/2020,ky,455,66
1/26/2020,la,692,104
1/26/2020,mi,1831,307
1/26/2020,ms,313,54
1/26/2020,ok,502,58
1/26/2020,pa,2448,383
1/26/2020,va,1706,264
1/26/2020,wa,2761,398
1/27/2020,ca,18220,3326
1/27/2020,dc,777,162
1/27/2020,hi,374,105
1/27/2020,il,4707,900
1/27/2020,mo,1343,287
1/27/2020,oh,2147,388
1/27/2020,ok,638,109
1/27/2020,sd,183,25
1/27/2020,tn,1470,268
1/27/2020,ut,1378,224
1/27/2020,wy,199,54
1/28/2020,al,734,154
1/28/2020,ct,800,172
1/28/2020,fl,7391,1320
1/28/2020,il,4636,870
1/28/2020,la,925,183
1/28/2020,md,1924,416
1/28/2020,mn,1638,273
1/28/2020,mo,1308,269
1/28/2020,ms,365,81
1/28/2020,mt,245,32
1/28/2020,ok,639,111
1/28/2020,sc,813,177
1/28/2020,wa,3026,525
1/28/2020,wi,1307,245
1/28/2020,wy,265,32
1/29/2020,?,8,2
1/29/2020,ak,172,31
1/29/2020,dc,738,167
1/29/2020,de,185,37
1/29/2020,fl,7352,1425
1/29/2020,mi,2290,417
1/29/2020,mn,1614,317
1/29/2020,nh,351,77
1/29/2020,ok,617,87
1/29/2020,tx,10429,1775
1/29/2020,wy,231,33
1/30/2020,az,2486,507
1/30/2020,ia,701,164
1/30/2020,ks,521,118
1/30/2020,ma,2074,412
1/30/2020,me,274,46
1/30/2020,mi,2239,541
1/30/2020,mn,1666,321
1/30/2020,mo,1397,302
1/30/2020,ms,340,88
1/30/2020,nj,3045,572
1/30/2020,nv,1308,275
1/30/2020,oh,2366,452
1/30/2020,ok,612,112
1/30/2020,or,1347,252
1/30/2020,sc,806,194
1/30/2020,ut,1271,219
1/30/2020,wa,3089,558
1/30/2020,wi,1252,265
1/30/2020,wy,258,34
1/31/2020,ar,448,98
1/31/2020,ct,824,165
1/31/2020,ia,739,119
1/31/2020,il,4710,929
1/31/2020,in,1228,249
1/31/2020,la,980,161
1/31/2020,ma,2055,410
1/31/2020,ms,373,113
1/31/2020,mt,239,49
1/31/2020,nh,287,56
1/31/2020,wa,2950,565
1/31/2020,wy,237,33
2/1/2020,ar,313,51
2/1/2020,de,151,24
2/1/2020,id,338,67
2/1/2020,il,4354,703
2/1/2020,ks,394,63
2/1/2020,mn,1402,211
2/1/2020,ms,330,72
2/1/2020,nh,244,51
2/1/2020,nj,2961,541
2/1/2020,nv,1754,243
2/1/2020,ny,4717,943
2/1/2020,tx,9340,1374
2/1/2020,wa,2634,436
2/2/2020,ar,218,54
2/2/2020,ct,630,126
2/2/2020,de,125,21
2/2/2020,ky,375,69
2/2/2020,md,1610,331
2/2/2020,me,213,35
2/2/2020,mi,1651,316
2/2/2020,mn,1295,214
2/2/2020,mt,193,27
2/2/2020,ne,363,62
2/2/2020,nj,2693,421
2/2/2020,nm,356,61
2/2/2020,or,1865,301
2/2/2020,vt,186,25
2/2/2020,wi,1152,156
2/3/2020,ak,149,24
2/3/2020,az,2223,454
2/3/2020,ma,1961,407
2/3/2020,md,1667,393
2/3/2020,nm,468,82
2/3/2020,oh,2139,441
2/3/2020,pa,2439,474
2/3/2020,ri,235,70
2/3/2020,tn,1338,261
2/4/2020,ak,159,32
2/4/2020,de,199,36
2/4/2020,ks,631,124
2/4/2020,ky,637,136
2/4/2020,ma,2186,457
2/4/2020,mi,2287,482
2/4/2020,nd,192,48
2/4/2020,ne,562,118
2/4/2020,oh,2443,537
2/4/2020,sc,840,174
2/4/2020,ut,1455,281
2/4/2020,vt,282,34
2/5/2020,ar,382,71
2/5/2020,ca,19645,4593
2/5/2020,ct,767,159
2/5/2020,ga,4155,873
2/5/2020,hi,391,96
2/5/2020,id,472,93
2/5/2020,md,2052,407
2/5/2020,nc,2295,469
2/5/2020,ne,531,100
2/5/2020,nj,3335,618
2/5/2020,nm,524,118
2/5/2020,nv,1540,310
2/5/2020,tx,11199,2288
2/5/2020,ut,1464,289
2/5/2020,wa,2951,611
2/5/2020,wv,159,35
2/6/2020,ar,447,123
2/6/2020,ca,20338,4192
2/6/2020,ct,839,190
2/6/2020,de,250,46
2/6/2020,il,5106,1052
2/6/2020,in,1187,270
2/6/2020,ks,534,102
2/6/2020,la,1094,258
2/6/2020,ne,541,95
2/6/2020,nh,335,60
2/6/2020,nv,1684,357
2/6/2020,ok,703,185
2/6/2020,pa,3078,631
2/6/2020,ri,293,59
2/6/2020,sc,952,225
2/6/2020,wi,1375,262
2/7/2020,ak,164,21
2/7/2020,de,205,45
2/7/2020,id,532,80
2/7/2020,la,915,176
2/7/2020,ma,2315,414
2/7/2020,md,2311,485
2/7/2020,mo,1579,279
2/7/2020,ms,433,89
2/7/2020,nc,2763,455
2/7/2020,nd,245,40
2/7/2020,nh,360,60
2/7/2020,nj,3685,640
2/7/2020,ny,6503,1346
2/7/2020,pa,3185,526
2/7/2020,sd,204,29
2/7/2020,ut,1502,253
2/7/2020,wv,182,30
2/8/2020,ak,146,19
2/8/2020,co,2416,393
2/8/2020,dc,698,117
2/8/2020,de,168,30
2/8/2020,il,4360,701
2/8/2020,in,1167,162
2/8/2020,ky,541,87
2/8/2020,mo,1412,213
2/8/2020,nh,309,44
2/8/2020,nm,467,73
2/8/2020,va,2294,335
2/8/2020,wa,2483,434
2/9/2020,?,1,0
2/9/2020,dc,581,95
2/9/2020,fl,7003,1066
2/9/2020,il,4317,679
2/9/2020,md,1922,364
2/9/2020,mi,2245,380
2/9/2020,mt,233,46
2/9/2020,nd,173,22
2/9/2020,oh,2055,366
2/9/2020,pa,2715,445
2/9/2020,sc,694,154
2/9/2020,ut,1182,223
2/9/2020,vt,189,26
2/9/2020,wi,1346,239
2/10/2020,?,2,0
2/10/2020,co,2889,497
2/10/2020,dc,941,172
2/10/2020,ky,685,146
2/10/2020,la,1020,216
2/10/2020,ma,2441,463
2/10/2020,ms,471,138
2/10/2020,ne,559,91
2/10/2020,nh,344,65
2/10/2020,nj,3405,681
2/10/2020,oh,2522,540
2/10/2020,ri,267,66
2/10/2020,tn,2741,392
2/10/2020,ut,1708,308
2/10/2020,wa,2748,555
2/10/2020,wy,275,48
2/11/2020,al,1004,206
2/11/2020,id,471,88
2/11/2020,in,1483,287
2/11/2020,nc,2816,574
2/11/2020,nj,3607,783
2/11/2020,nm,552,145
2/11/2020,nv,1780,368
2/11/2020,or,1618,313
2/11/2020,tn,2804,467
2/11/2020,wa,2946,654
2/12/2020,?,2,0
2/12/2020,de,171,43
2/12/2020,pa,3207,616
2/12/2020,tn,2761,432
2/12/2020,tx,11348,2302
2/13/2020,?,1,1
2/13/2020,ak,169,34
2/13/2020,co,2951,611
2/13/2020,in,1358,315
2/13/2020,ma,2393,535
2/13/2020,ms,463,111
2/13/2020,nh,369,70
2/13/2020,ny,6815,1563
2/13/2020,ok,719,143
2/13/2020,va,2780,593
2/13/2020,vt,250,42
2/13/2020,wa,2967,636
2/13/2020,wy,285,57
2/14/2020,az,2597,507
2/14/2020,ca,19874,3768
2/14/2020,ia,747,142
2/14/2020,il,5018,855
2/14/2020,in,1332,234
2/14/2020,ms,398,95
2/14/2020,ny,6134,1212
2/14/2020,or,1430,244
2/14/2020,sc,939,194
2/14/2020,tn,2845,377
2/14/2020,vt,170,29
2/14/2020,wv,193,34
2/15/2020,ak,135,27
2/15/2020,ar,346,74
2/15/2020,ca,18344,3052
2/15/2020,ct,779,124
2/15/2020,ia,698,95
2/15/2020,in,1010,160
2/15/2020,mi,2337,398
2/15/2020,ms,361,93
2/15/2020,nm,431,79
2/15/2020,ny,5743,1086
2/15/2020,ri,318,40
2/15/2020,sc,890,157
2/15/2020,wa,2661,474
2/15/2020,wv,169,28
2/16/2020,ct,754,118
2/16/2020,mn,1591,262
2/16/2020,mo,1414,205
2/16/2020,mt,245,43
2/16/2020,nm,390,59
2/16/2020,or,1416,201
2/16/2020,ri,236,47
2/16/2020,sc,786,126
2/16/2020,tx,9833,1374
2/16/2020,wa,2619,459
2/17/2020,co,2830,482
2/17/2020,fl,8640,1454
2/17/2020,in,1304,243
2/17/2020,mn,1745,330
2/17/2020,nj,3361,642
2/17/2020,nm,486,100
2/17/2020,or,1548,243
2/17/2020,sc,1010,192
2/17/2020,tn,2713,348
2/17/2020,va,2589,482
2/18/2020,de,210,42
2/18/2020,ga,3123,925
2/18/2020,ia,806,128
2/18/2020,il,5038,1221
2/18/2020,mo,1705,377
2/18/2020,mt,310,68
2/18/2020,nc,2587,604
2/18/2020,nh,373,58
2/18/2020,ny,6241,1301
2/18/2020,or,1597,291
2/18/2020,ri,319,60
2/18/2020,tx,11716,2651
2/18/2020,ut,1474,280
2/19/2020,?,2,1
2/19/2020,dc,718,144
2/19/2020,fl,8905,1599
2/19/2020,ga,3070,695
2/19/2020,in,1279,274
2/19/2020,ks,598,102
2/19/2020,ky,706,135
2/19/2020,la,946,213
2/19/2020,md,2117,433
2/19/2020,mi,2625,478
2/19/2020,mn,1788,344
2/19/2020,mo,1796,327
2/19/2020,nc,2697,475
2/19/2020,nm,526,85
2/19/2020,ny,6213,1202
2/19/2020,ok,854,112
2/19/2020,tx,11682,2111
2/20/2020,ak,170,40
2/20/2020,az,2716,533
2/20/2020,fl,8657,1595
2/20/2020,ia,742,118
2/20/2020,id,563,102
2/20/2020,mi,2468,436
2/20/2020,ms,441,144
2/20/2020,nv,2217,364
2/20/2020,ny,6135,1271
2/20/2020,tx,11921,2549
2/20/2020,vt,178,36
2/20/2020,wv,223,46
2/20/2020,wy,253,34
2/21/2020,dc,930,178
2/21/2020,id,580,117
2/21/2020,nc,2933,501
2/21/2020,ri,261,51
2/21/2020,sc,1020,209
2/21/2020,sd,176,35
2/21/2020,tx,12314,2058
2/21/2020,ut,1592,254
2/21/2020,wv,214,40
2/22/2020,ak,140,25
2/22/2020,al,693,134
2/22/2020,ca,17050,2878
2/22/2020,ga,5722,630
2/22/2020,in,1278,176
2/22/2020,md,1951,360
2/22/2020,mn,1785,241
2/22/2020,nh,316,59
2/22/2020,ok,676,100
2/22/2020,ri,195,39
2/22/2020,ut,1390,205
2/22/2020,va,2417,330
2/22/2020,wv,177,25
2/23/2020,ak,154,26
2/23/2020,al,648,102
2/23/2020,co,2476,415
2/23/2020,ct,805,144
2/23/2020,ks,477,89
2/23/2020,ma,1728,359
2/23/2020,md,1630,366
2/23/2020,nc,2267,359
2/23/2020,or,1090,247
2/23/2020,tx,8946,1576
2/23/2020,va,2101,364
2/24/2020,co,2837,502
2/24/2020,fl,8581,1639
2/24/2020,ga,5773,886
2/24/2020,la,876,163
2/24/2020,md,1917,431
2/24/2020,mo,2508,347
2/24/2020,nj,3238,679
2/24/2020,ri,234,50
2/24/2020,wa,2969,604
2/25/2020,ak,174,44
2/25/2020,ar,498,109
2/25/2020,ca,19345,4975
2/25/2020,co,2741,580
2/25/2020,hi,387,141
2/25/2020,in,1460,276
2/25/2020,ks,620,109
2/25/2020,ky,649,111
2/25/2020,md,1932,473
2/25/2020,nc,2890,560
2/25/2020,nd,234,51
2/25/2020,nh,312,76
2/25/2020,nj,3267,764
2/25/2020,nv,1474,402
2/25/2020,tx,11071,2586
2/25/2020,vt,162,44
2/25/2020,wy,231,46
2/26/2020,al,884,177
2/26/2020,dc,1014,189
2/26/2020,hi,326,182
2/26/2020,id,484,119
2/26/2020,ks,697,155
2/26/2020,la,993,213
2/26/2020,me,278,73
2/26/2020,mt,336,51
2/26/2020,ut,1567,315
2/26/2020,va,3287,600
2/27/2020,ak,192,45
2/27/2020,al,869,206
2/27/2020,ct,883,236
2/27/2020,de,206,52
2/27/2020,ga,6106,1062
2/27/2020,il,5116,1075
2/27/2020,in,1538,373
2/27/2020,ks,582,92
2/27/2020,la,1063,257
2/27/2020,ma,2172,474
2/27/2020,md,2021,470
2/27/2020,mn,1964,439
2/27/2020,ne,620,130
2/27/2020,ny,5998,1539
2/27/2020,sc,883,220
2/27/2020,wy,288,52
2/28/2020,?,2,1
2/28/2020,al,931,169
2/28/2020,ct,894,186
2/28/2020,id,508,89
2/28/2020,il,5140,956
2/28/2020,mn,2009,379
2/28/2020,nd,264,29
2/28/2020,or,1371,368
2/28/2020,sc,891,165
2/28/2020,ut,1467,288
2/28/2020,vt,158,38
2/28/2020,wv,216,29
2/28/2020,wy,277,52
2/29/2020,ar,340,58
2/29/2020,co,2578,500
2/29/2020,dc,864,147
2/29/2020,fl,7178,1391
2/29/2020,ky,833,115
2/29/2020,la,781,159
2/29/2020,ma,1815,407
2/29/2020,md,1984,354
2/29/2020,mi,2029,444
2/29/2020,mn,1665,265
2/29/2020,mo,1572,252
2/29/2020,nd,166,28
2/29/2020,nh,277,47
2/29/2020,nv,1438,323
2/29/2020,oh,2422,454
3/1/2020,ak,133,30
3/1/2020,co,2391,418
3/1/2020,de,190,32
3/1/2020,ia,658,116
3/1/2020,il,3991,830
3/1/2020,me,213,44
3/1/2020,mo,1404,288
3/1/2020,nc,2293,456
3/1/2020,ne,509,80
3/1/2020,nm,449,81
3/1/2020,or,1102,263
3/1/2020,ri,134,53
3/1/2020,sc,677,150
3/1/2020,tn,1388,282
3/1/2020,vt,129,24
3/1/2020,wi,1151,225
3/1/2020,wv,177,41
3/1/2020,wy,208,52
3/2/2020,al,827,226
3/2/2020,ca,17789,5102
3/2/2020,il,4792,1265
3/2/2020,ma,1947,559
3/2/2020,md,1845,524
3/2/2020,mt,300,82
3/2/2020,ne,599,116
3/2/2020,nm,569,115
3/2/2020,ok,831,165
3/2/2020,pa,3048,744
3/2/2020,ut,1469,393
3/2/2020,wa,2774,799
3/2/2020,wv,166,50
3/2/2020,wy,306,59
3/3/2020,?,4,0
3/3/2020,az,2641,780
3/3/2020,ca,17556,5578
3/3/2020,dc,1073,254
3/3/2020,fl,7381,2245
3/3/2020,ma,1815,622
3/3/2020,md,1979,587
3/3/2020,nc,2578,664
3/3/2020,nd,228,46
3/3/2020,nm,630,148
3/3/2020,oh,2511,682
3/3/2020,or,1279,451
3/3/2020,sc,809,248
3/3/2020,ut,1377,411
3/4/2020,al,822,230
3/4/2020,ca,17927,5596
3/4/2020,co,2818,714
3/4/2020,dc,978,281
3/4/2020,la,1027,260
3/4/2020,me,243,77
3/4/2020,mn,1729,486
3/4/2020,ms,594,153
3/4/2020,mt,297,70
3/4/2020,nm,628,183
3/4/2020,pa,2964,871
3/4/2020,sc,800,222
3/4/2020,tx,11817,3164
3/4/2020,va,2535,767
3/4/2020,wa,2731,935
3/4/2020,wv,203,72
3/4/2020,wy,265,59
3/5/2020,?,1,0
3/5/2020,ak,169,52
3/5/2020,ct,806,286
3/5/2020,dc,977,281
3/5/2020,de,202,59
3/5/2020,il,4721,1355
3/5/2020,in,1154,350
3/5/2020,ks,655,155
3/5/2020,ma,1809,688
3/5/2020,mt,272,51
3/5/2020,ne,570,148
3/5/2020,oh,2452,649
3/5/2020,or,1463,419
3/5/2020,wy,251,60
3/6/2020,?,2,1
3/6/2020,ar,486,136
3/6/2020,de,207,79
3/6/2020,hi,351,170
3/6/2020,id,510,131
3/6/2020,il,4899,1244
3/6/2020,ky,809,219
3/6/2020,la,988,225
3/6/2020,mn,1677,466
3/6/2020,ms,579,165
3/6/2020,nh,315,98
3/6/2020,nm,553,161
3/6/2020,nv,1365,458
3/6/2020,oh,2545,669
3/6/2020,or,1405,507
3/6/2020,ut,1479,376
3/6/2020,wi,1401,325
3/7/2020,al,661,146
3/7/2020,az,2358,644
3/7/2020,ca,15977,4703
3/7/2020,dc,887,209
3/7/2020,il,4458,1037
3/7/2020,ma,1528,565
3/7/2020,me,205,39
3/7/2020,mi,1893,469
3/7/2020,nc,2355,567
3/7/2020,oh,2142,547
3/7/2020,tn,1331,329
3/7/2020,wy,214,42
3/8/2020,al,550,140
3/8/2020,ar,320,105
3/8/2020,ct,628,210
3/8/2020,de,119,41
3/8/2020,mn,1179,314
3/8/2020,ms,352,105
3/8/2020,mt,211,56
3/8/2020,ne,395,93
3/8/2020,nm,348,112
3/8/2020,ok,622,146
3/8/2020,ri,122,78
3/8/2020,sd,123,16
3/8/2020,wi,1019,315
3/9/2020,az,2519,996
3/9/2020,co,2495,1007
3/9/2020,hi,278,251
3/9/2020,il,4672,1649
3/9/2020,md,1633,714
3/9/2020,me,240,96
3/9/2020,pa,2478,884
3/9/2020,sd,202,60
3/9/2020,vt,136,67
3/9/2020,wi,1404,484
3/9/2020,wy,269,80
3/10/2020,ar,467,166
3/10/2020,co,2412,1269
3/10/2020,id,493,173
3/10/2020,la,965,338
3/10/2020,mo,1625,719
3/10/2020,ok,786,252
3/11/2020,al,758,380
3/11/2020,az,2516,1394
3/11/2020,co,2373,1452
3/11/2020,ct,591,540
3/11/2020,dc,863,511
3/11/2020,de,196,145
3/11/2020,fl,7531,3537
3/11/2020,ms,484,232
3/11/2020,nc,2301,1120
3/11/2020,ne,471,334
3/11/2020,ny,4074,3301
3/11/2020,oh,2014,1422
3/11/2020,sc,734,411
3/11/2020,sd,165,100
3/11/2020,wi,1195,761
3/12/2020,?,0,1
3/12/2020,in,1052,1501
3/12/2020,me,144,385
3/12/2020,nc,2065,2241
3/12/2020,nd,166,251
3/12/2020,ne,418,485
3/12/2020,nv,1182,1485
3/12/2020,ut,1104,1641
3/12/2020,wa,1866,2466
3/12/2020,wv,125,223
3/12/2020,wy,201,284
3/13/2020,ar,325,631
3/13/2020,az,2136,2629
3/13/2020,co,1983,3156
3/13/2020,ia,624,1001
3/13/2020,il,3670,5310
3/13/2020,in,1013,1685
3/13/2020,la,713,871
3/13/2020,md,1318,2103
3/13/2020,mt,160,448
3/13/2020,nh,128,393
3/13/2020,nv,1065,1676
3/13/2020,ri,140,300
3/13/2020,sc,699,912
3/13/2020,tx,9714,9265
3/13/2020,va,2015,2508
3/13/2020,vt,62,208
3/14/2020,az,1973,1584
3/14/2020,ct,371,514
3/14/2020,in,866,1019
3/14/2020,md,1302,1136
3/14/2020,mi,1405,1593
3/14/2020,nh,158,248
3/14/2020,nj,2227,1623
3/14/2020,ut,880,1004
3/14/2020,wa,1602,1994
3/14/2020,wv,79,125
3/15/2020,ar,216,309
3/15/2020,dc,421,366
3/15/2020,ia,368,514
3/15/2020,id,186,374
3/15/2020,il,2662,2829
3/15/2020,me,58,164
3/15/2020,mn,818,1106
3/15/2020,mt,95,194
3/15/2020,nd,98,123
3/15/2020,nm,233,280
3/15/2020,oh,1306,1449
3/15/2020,ri,103,143
3/15/2020,tn,892,801
3/15/2020,wi,654,1032
3/16/2020,ca,3518,3988
3/16/2020,co,496,549
3/16/2020,hi,86,135
3/16/2020,id,80,130
3/16/2020,il,734,842
3/16/2020,la,150,102
3/16/2020,me,16,27
3/16/2020,mi,229,297
3/16/2020,mn,239,314
3/16/2020,mo,241,305
3/16/2020,ms,62,63
3/16/2020,mt,33,75
3/16/2020,nh,32,41
3/16/2020,nj,453,378
3/16/2020,oh,275,383
3/16/2020,ok,136,151
3/16/2020,tx,2137,1265
3/16/2020,va,277,275
3/16/2020,vt,2,14
3/16/2020,wa,484,719
1/1/2020,al,462,86
1/1/2020,ga,2660,386
1/1/2020,hi,202,42
1/1/2020,ia,466,69
1/1/2020,il,2797,494
1/1/2020,in,661,150
1/1/2020,mi,1423,303
1/1/2020,oh,1538,244
1/1/2020,ri,154,31
1/1/2020,tx,6980,1055
1/1/2020,ut,980,153
1/1/2020,va,1498,258
1/1/2020,wv,115,21
1/1/2020,wy,153,25
1/2/2020,?,1,1
1/2/2020,ar,374,81
1/2/2020,ct,783,147
1/2/2020,de,155,46
1/2/2020,ga,3992,665
1/2/2020,in,1073,195
1/2/2020,md,2048,363
1/2/2020,me,214,37
1/2/2020,mt,328,49
1/2/2020,nc,2273,389
1/2/2020,nm,513,75
1/2/2020,tx,10926,1828
1/2/2020,wi,1241,244
1/3/2020,?,8,2
1/3/2020,al,770,132
1/3/2020,ar,393,72
1/3/2020,ga,4351,733
1/3/2020,id,495,56
1/3/2020,in,1161,212
1/3/2020,la,961,165
1/3/2020,md,2297,423
1/3/2020,me,241,35
1/3/2020,mn,1648,276
1/3/2020,ny,5611,1105
1/3/2020,ok,649,116
1/3/2020,sc,1103,213
1/3/2020,tn,1680,287
1/3/2020,wa,3029,493
1/3/2020,wi,1310,247
1/3/2020,wy,245,39
1/4/2020,al,610,127
1/4/2020,ct,578,127
1/4/2020,fl,7133,1313
1/4/2020,il,4373,705
1/4/2020,in,803,139
1/4/2020,me,193,34
1/4/2020,mo,1230,235
1/4/2020,nd,181,34
1/4/2020,nm,384,67
1/4/2020,ny,4301,777
1/4/2020,ok,540,108
1/5/2020,ak,131,19
1/5/2020,dc,450,84
1/5/2020,de,200,27
1/5/2020,in,832,99
1/5/2020,mn,1260,186
1/5/2020,ms,249,43
1/5/2020,nc,1773,290
1/5/2020,nd,151,17
1/5/2020,nh,305,56
1/5/2020,nm,367,61
1/5/2020,nv,1473,208
1/5/2020,ny,4249,783
1/5/2020,tx,8293,1024
1/5/2020,wi,944,151
1/6/2020,?,3,0
1/6/2020,ar,412,68
1/6/2020,co,2822,392
1/6/2020,id,397,59
1/6/2020,mn,1619,267
1/6/2020,mt,295,44
1/6/2020,nh,339,45
1/6/2020,ny,5423,904
1/6/2020,pa,2808,453
1/6/2020,wi,1258,215
1/7/2020,ia,775,81
1/7/2020,il,5022,714
1/7/2020,la,873,167
1/7/2020,md,2126,397
1/7/2020,me,255,48
1/7/2020,mo,1441,253
1/7/2020,mt,298,65
1/7/2020,nd,223,57
1/7/2020,nv,1684,307
1/7/2020,tx,10687,1595
1/7/2020,va,2411,355
1/8/2020,ak,210,35
1/8/2020,co,2778,445
1/8/2020,ga,3985,609
1/8/2020,in,1106,177
1/8/2020,la,853,184
1/8/2020,ma,2020,404
1/8/2020,mn,1569,303
1/8/2020,mt,284,43
1/8/2020,nv,1647,327
1/8/2020,oh,2202,416
1/8/2020,pa,2717,502
1/8/2020,va,2331,426
1/8/2020,wi,1113,218
1/8/2020,wy,224,44
1/9/2020,ak,193,23
1/9/2020,al,770,156
1/9/2020,ar,351,67
1/9/2020,ct,731,157
1/9/2020,fl,7649,1315
1/9/2020,ma,2214,358
1/9/2020,me,202,24
1/9/2020,mn,1733,285
1/9/2020,nc,2198,384
1/9/2020,nh,278,48
1/9/2020,nv,1739,320
1/9/2020,ok,620,112
1/9/2020,sd,186,38
1/9/2020,tn,1587,268
1/9/2020,vt,219,27
1/9/2020,wv,169,26
1/10/2020,de,203,41
1/10/2020,fl,8040,1190
1/10/2020,la,918,160
1/10/2020,ma,2121,392
1/10/2020,md,2231,366
1/10/2020,ms,388,74
1/10/2020,nc,2502,337
1/10/2020,ny,5575,1040
1/10/2020,ok,652,85
1/10/2020,sc,883,154
1/10/2020,sd,181,30
1/10/2020,wa,2779,532
1/10/2020,wv,160,28
1/11/2020,de,170,41
1/11/2020,ks,468,61
1/11/2020,ky,535,68
1/11/2020,ma,1787,293
1/11/2020,md,1996,280
1/11/2020,mo,1380,189
1/11/2020,nm,445,54
1/11/2020,ny,4488,854
1/11/2020,wi,1412,187
1/12/2020,ak,135,12
1/12/2020,al,564,111
1/12/2020,ct,633,116
1/12/2020,ia,563,89
1/12/2020,ks,385,69
1/12/2020,me,224,24
1/12/2020,mt,233,34
1/12/2020,nj,2684,391
1/12/2020,ny,4364,801
1/12/2020,or,995,189
1/12/2020,va,2047,307
1/13/2020,ia,749,137
1/13/2020,ky,648,109
1/13/2020,la,815,171
1/13/2020,mn,1612,295
1/13/2020,nd,242,42
1/13/2020,pa,2808,467
1/13/2020,ri,289,48
1/13/2020,tn,1513,245
1/13/2020,tx,10007,1670
1/13/2020,wi,1412,240
1/14/2020,co,2578,484
1/14/2020,ct,785,153
1/14/2020,ga,4486,791
1/14/2020,in,1084,212
1/14/2020,la,769,125
1/14/2020,me,234,42
1/14/2020,mi,2273,456
1/14/2020,ms,364,88
1/14/2020,nd,232,44
1/14/2020,ok,515,100
1/15/2020,ar,379,76
1/15/2020,az,2442,483
1/15/2020,fl,7904,1399
1/15/2020,in,1026,191
1/15/2020,mi,2411,444
1/15/2020,ms,388,71
1/15/2020,nh,327,49
1/15/2020,nm,511,110
1/15/2020,tn,1455,298
1/15/2020,ut,1428,234
1/15/2020,vt,219,27
1/15/2020,wi,1338,268
1/15/2020,wv,146,37
1/16/2020,az,2709,501
1/16/2020,co,2859,529
1/16/2020,ct,804,158
1/16/2020,dc,694,153
1/16/2020,mi,2544,526
1/16/2020,mt,295,41
1/16/2020,nj,3451,612
1/16/2020,nv,2342,376
1/16/2020,ny,5907,1187
1/16/2020,pa,2837,532
1/16/2020,vt,203,38
1/16/2020,wi,1460,324
1/17/2020,co,2893,452
1/17/2020,de,227,37
1/17/2020,hi,408,87
1/17/2020,il,4530,870
1/17/2020,ks,582,101
1/17/2020,mn,1650,432
1/17/2020,mo,1724,363
1/17/2020,mt,289,55
1/17/2020,nc,2572,420
1/17/2020,nh,301,57
1/17/2020,nj,3404,605
1/17/2020,nm,560,127
1/17/2020,ny,5683,1150
1/17/2020,ok,688,109
1/17/2020,pa,2856,518
1/17/2020,ri,274,52
1/17/2020,ut,1493,254
1/18/2020,?,1,0
1/18/2020,fl,6584,989
1/18/2020,ga,4065,549
1/18/2020,hi,334,90
1/18/2020,il,3940,682
1/18/2020,la,705,102
1/18/2020,nm,457,61
1/18/2020,tx,9533,1253
1/18/2020,ut,1216,175
1/18/2020,vt,231,22
1/19/2020,ak,105,23
1/19/2020,co,2217,297
1/19/2020,ct,702,117
1/19/2020,de,154,34
1/19/2020,id,327,67
1/19/2020,ma,1693,282
1/19/2020,nh,297,44
1/19/2020,ok,505,67
1/19/2020,or,1077,180
1/19/2020,pa,2470,364
1/19/2020,sc,708,130
1/19/2020,ut,1056,161
1/20/2020,ak,207,24
1/20/2020,co,2719,462
1/20/2020,ct,774,118
1/20/2020,ia,605,95
1/20/2020,ok,606,95
1/20/2020,sc,890,152
1/20/2020,tn,1491,231
1/21/2020,de,183,38
1/21/2020,ga,4076,885
1/21/2020,hi,383,103
1/21/2020,ia,664,122
1/21/2020,ks,558,109
1/21/2020,mn,1609,335
1/21/2020,nm,488,99
1/21/2020,nv,1725,337
1/21/2020,pa,2788,558
1/21/2020,ri,285,47
1/21/2020,sc,874,239
1/21/2020,sd,169,38
1/21/2020,ut,1405,256
1/22/2020,co,2527,431
1/22/2020,dc,974,157
1/22/2020,ia,669,126
1/22/2020,il,4228,748
1/22/2020,ms,389,82
1/22/2020,mt,247,48
1/22/2020,nd,221,48
1/22/2020,tn,1527,232
1/22/2020,vt,199,25
1/23/2020,al,708,149
1/23/2020,de,175,46
1/23/2020,fl,7680,1517
1/23/2020,il,4528,878
1/23/2020,ma,1989,435
1/23/2020,me,229,38
1/23/2020,mo,1350,278
1/23/2020,nh,291,65
1/23/2020,nm,507,95
1/23/2020,nv,1826,339
1/23/2020,ri,302,63
1/23/2020,sc,890,175
1/23/2020,va,2159,439
1/23/2020,vt,259,43
1/23/2020,wv,183,51
1/24/2020,ca,19239,3478
1/24/2020,co,2669,507
1/24/2020,de,188,42
1/24/2020,fl,7748,1286
1/24/2020,ks,542,83
1/24/2020,ma,2054,354
1/24/2020,ms,421,100
1/24/2020,sd,189,42
1/24/2020,tx,10445,1660
1/24/2020,ut,1324,215
1/24/2020,vt,231,23
1/25/2020,ia,653,78
1/25/2020,ky,524,75
1/25/2020,la,782,129
1/25/2020,me,192,31
1/25/2020,mn,1371,185
1/25/2020,ne,509,81
1/25/2020,pa,2792,412
1/25/2020,tn,1231,201
1/25/2020,wa,2868,396
1/25/2020,wy,215,21
1/26/2020,?,2,3
1/26/2020,dc,497,90
1/26/2020,id,318,44
1/26/2020,il,3776,578
1/26/2020,ks,369,67
1/26/2020,mn,1323,170
1/26/2020,mo,1030,248
1/26/2020,ne,417,68
1/26/2020,nm,401,59
1/26/2020,nv,1067,211
1/26/2020,oh,1851,323
1/26/2020,ri,250,52
1/26/2020,sc,556,118
1/26/2020,tn,1130,161
1/27/2020,ak,141,31
1/27/2020,az,2440,429
1/27/2020,ks,562,91
1/27/2020,la,970,169
1/27/2020,ma,2062,389
1/27/2020,md,1976,442
1/27/2020,nv,1194,271
1/27/2020,ri,227,56
1/27/2020,wv,175,19
1/28/2020,ar,422,75
1/28/2020,mi,2237,492
1/28/2020,nc,2340,403
1/28/2020,ne,529,95
1/28/2020,nv,1262,276
1/28/2020,tx,10735,1737
1/29/2020,al,783,148
1/29/2020,ar,400,69
1/29/2020,co,2537,450
1/29/2020,ct,823,161
1/29/2020,hi,376,98
1/29/2020,il,4775,871
1/29/2020,ms,387,85
1/29/2020,nd,183,39
1/29/2020,nv,1350,281
1/29/2020,ny,5895,1222
1/29/2020,pa,2827,514
1/29/2020,sc,799,169
1/29/2020,tn,1481,236
1/29/2020,vt,197,25
1/29/2020,wa,2927,569
1/29/2020,wi,1235,226
1/30/2020,al,748,191
1/30/2020,ar,407,93
1/30/2020,ca,19032,3962
1/30/2020,ga,4219,811
1/30/2020,il,4641,976
1/30/2020,nc,2314,473
1/30/2020,ne,507,95
1/30/2020,nm,409,80
1/30/2020,ri,281,51
1/30/2020,sd,217,44
1/30/2020,wv,174,28
1/31/2020,ak,202,41
1/31/2020,co,2696,484
1/31/2020,dc,720,170
1/31/2020,ky,644,118
1/31/2020,mn,1652,335
1/31/2020,ny,5877,1173
1/31/2020,ok,702,120
1/31/2020,pa,2995,565
1/31/2020,sc,847,184
1/31/2020,tn,1608,296
1/31/2020,va,2418,464
1/31/2020,wi,1293,275
1/31/2020,wv,161,33
2/1/2020,ca,15883,3039
2/1/2020,co,2101,348
2/1/2020,ct,727,129
2/1/2020,dc,493,94
2/1/2020,hi,326,77
2/1/2020,ia,580,79
2/1/2020,me,207,27
2/1/2020,ok,520,70
2/1/2020,or,1129,199
2/1/2020,sc,711,133
2/1/2020,tn,1221,189
2/1/2020,ut,1115,166
2/1/2020,va,1929,325
2/1/2020,wv,158,28
2/1/2020,wy,221,34
2/2/2020,ia,520,95
2/2/2020,il,3778,680
2/2/2020,ks,346,54
2/2/2020,nc,1675,290
2/2/2020,ok,445,65
2/2/2020,pa,2298,393
2/2/2020,ri,241,43
2/2/2020,sc,671,117
2/2/2020,sd,104,19
2/2/2020,tn,1043,189
2/2/2020,ut,1126,164
2/2/2020,va,1789,337
2/3/2020,al,727,149
2/3/2020,ar,375,65
2/3/2020,de,136,44
2/3/2020,mi,1975,418
2/3/2020,ms,335,96
2/3/2020,nc,2125,397
2/3/2020,ne,421,86
2/3/2020,ok,576,127
2/3/2020,or,1152,401
2/3/2020,sd,159,27
2/3/2020,wi,1163,232
2/3/2020,wy,201,52
2/4/2020,al,873,198
2/4/2020,ca,20336,4482
2/4/2020,co,2905,629
2/4/2020,fl,7970,1596
2/4/2020,id,462,93
2/4/2020,il,5174,1115
2/4/2020,la,988,203
2/4/2020,ms,386,116
2/4/2020,ny,6271,1375
2/4/2020,or,1445,318
2/4/2020,tx,11215,2225
2/4/2020,va,2531,494
2/4/2020,wv,192,36
2/5/2020,ia,748,125
2/5/2020,la,976,185
2/5/2020,ma,2242,451
2/5/2020,ny,6160,1239
2/5/2020,va,2426,478
2/5/2020,wi,1342,236
2/5/2020,wy,233,31
2/6/2020,ak,181,28
2/6/2020,ia,778,151
2/6/2020,id,466,100
2/6/2020,ky,655,120
2/6/2020,mn,1746,386
2/6/2020,mo,1414,350
2/6/2020,mt,290,62
2/6/2020,nc,2489,562
2/6/2020,nj,3505,704
2/6/2020,oh,2627,561
2/6/2020,tn,1611,334
2/6/2020,tx,11324,2500
2/6/2020,va,2588,532
2/6/2020,wa,3229,629
2/6/2020,wv,184,37
2/7/2020,ca,20478,3942
2/7/2020,co,3068,559
2/7/2020,il,5143,942
2/7/2020,in,1303,193
2/7/2020,mi,2331,427
2/7/2020,mn,1677,306
2/7/2020,oh,2696,421
2/7/2020,wi,1541,283
2/7/2020,wy,261,53
2/8/2020,fl,6853,1084
2/8/2020,ga,3435,558
2/8/2020,id,376,69
2/8/2020,nc,2199,365
2/8/2020,nv,1663,286
2/8/2020,ny,5023,915
2/8/2020,oh,1961,340
2/8/2020,ok,554,80
2/8/2020,ut,1182,174
2/8/2020,wy,232,28
2/9/2020,ar,400,47
2/9/2020,az,2320,399
2/9/2020,ca,17519,3219
2/9/2020,ct,877,144
2/9/2020,de,157,35
2/9/2020,in,1228,203
2/9/2020,me,254,41
2/9/2020,ms,329,66
2/9/2020,nc,2159,392
2/9/2020,ny,5209,1056
2/9/2020,sd,130,18
2/9/2020,tx,9451,1508
2/9/2020,wy,240,22
2/10/2020,ak,193,35
2/10/2020,ca,20755,4282
2/10/2020,ct,917,229
2/10/2020,hi,380,100
2/10/2020,ks,650,121
2/10/2020,me,298,53
2/10/2020,mi,2541,526
2/10/2020,or,1556,275
2/10/2020,sd,232,49
2/10/2020,vt,193,34
2/11/2020,?,2,0
2/11/2020,co,2834,591
2/11/2020,ct,1033,218
2/11/2020,dc,917,219
2/11/2020,il,5355,1125
2/11/2020,ks,697,127
2/11/2020,la,975,235
2/11/2020,mi,2695,596
2/11/2020,ne,633,106
2/11/2020,nh,376,75
2/11/2020,ny,6949,1554
2/11/2020,oh,2673,521
2/11/2020,pa,3388,640
2/11/2020,ri,341,62
2/11/2020,ut,1584,317
2/11/2020,wi,1394,317
2/11/2020,wv,234,35
2/12/2020,al,889,209
2/12/2020,az,2665,574
2/12/2020,ma,2415,481
2/12/2020,mi,2618,619
2/12/2020,mn,1793,359
2/12/2020,ms,471,114
2/12/2020,nj,3577,752
2/12/2020,ut,1636,290
2/12/2020,va,2781,561
2/12/2020,wa,2986,698
2/13/2020,ca,21029,4902
2/13/2020,de,234,65
2/13/2020,fl,8534,1650
2/13/2020,hi,354,92
2/13/2020,ky,672,156
2/13/2020,me,294,62
2/13/2020,mn,1838,371
2/13/2020,ne,630,138
2/13/2020,nv,1647,363
2/13/2020,ut,1605,363
2/14/2020,?,3,0
2/14/2020,ak,173,30
2/14/2020,dc,734,135
2/14/2020,de,191,46
2/14/2020,fl,7914,1343
2/14/2020,ky,677,130
2/14/2020,ma,2302,398
2/14/2020,nc,2790,448
2/14/2020,nd,206,29
2/14/2020,nm,486,103
2/14/2020,nv,1512,280
2/14/2020,oh,2503,447
2/14/2020,tx,11607,1841
2/14/2020,ut,1446,241
2/14/2020,va,2705,465
2/14/2020,wa,2811,550
2/15/2020,al,742,112
2/15/2020,az,2428,364
2/15/2020,fl,7024,1159
2/15/2020,ky,539,72
2/15/2020,la,752,132
2/15/2020,me,262,32
2/15/2020,mo,1670,233
2/15/2020,ne,496,60
2/15/2020,or,1431,242
2/15/2020,pa,2794,422
2/15/2020,va,2558,377
2/15/2020,wy,220,27
2/16/2020,dc,473,98
2/16/2020,fl,7200,1141
2/16/2020,hi,337,87
2/16/2020,ia,684,111
2/16/2020,in,1038,170
2/16/2020,ky,502,67
2/16/2020,ma,1965,345
2/16/2020,mi,2250,383
2/16/2020,ms,314,60
2/16/2020,ny,5337,935
2/16/2020,oh,2175,359
2/16/2020,pa,2630,423
2/16/2020,ut,1239,191
2/16/2020,va,2197,384
2/16/2020,wi,1187,198
2/17/2020,ar,479,74
2/17/2020,ga,3141,756
2/17/2020,hi,333,94
2/17/2020,ia,803,163
2/17/2020,la,940,239
2/17/2020,me,250,39
2/17/2020,mo,1663,284
2/17/2020,mt,283,74
2/17/2020,wa,2754,515
2/17/2020,wi,1409,264
2/17/2020,wy,270,41
2/18/2020,?,2,1
2/18/2020,ar,455,107
2/18/2020,az,2830,602
2/18/2020,fl,8539,1857
2/18/2020,hi,364,131
2/18/2020,id,528,106
2/18/2020,in,1311,323
2/18/2020,la,948,217
2/18/2020,ms,449,119
2/18/2020,nd,249,48
2/18/2020,ne,510,102
2/18/2020,sc,906,225
2/19/2020,hi,347,95
2/19/2020,id,580,91
2/19/2020,me,285,47
2/19/2020,nd,216,40
2/19/2020,ne,568,121
2/19/2020,nh,378,57
2/19/2020,nv,1962,364
2/19/2020,oh,2554,477
2/19/2020,pa,3165,554
2/19/2020,sc,959,157
2/19/2020,va,2636,509
2/20/2020,al,863,227
2/20/2020,de,183,32
2/20/2020,ga,3115,754
2/20/2020,hi,373,110
2/20/2020,il,5165,969
2/20/2020,ks,599,104
2/20/2020,ky,685,149
2/20/2020,ma,2218,431
2/20/2020,mo,1781,360
2/20/2020,nd,287,48
2/20/2020,nj,3426,681
2/20/2020,nm,531,102
2/20/2020,ri,284,59
2/20/2020,sc,1019,232
2/20/2020,sd,221,46
2/20/2020,ut,1591,287
2/20/2020,wa,2667,559
2/20/2020,wi,1398,295
2/21/2020,al,851,172
2/21/2020,az,2766,502
2/21/2020,ca,19799,3729
2/21/2020,de,220,45
2/21/2020,fl,8714,1464
2/21/2020,hi,334,114
2/21/2020,ky,740,110
2/21/2020,ma,2256,380
2/21/2020,mi,2551,491
2/21/2020,ms,474,100
2/21/2020,mt,280,41
2/21/2020,ne,580,115
2/21/2020,nj,3665,637
2/21/2020,nm,572,103
2/21/2020,nv,1592,345
2/21/2020,ny,6075,1115
2/21/2020,or,1537,295
2/21/2020,tn,2266,377
2/21/2020,va,2687,449
2/21/2020,vt,169,31
2/21/2020,wa,2887,559
2/22/2020,co,2472,357
2/22/2020,ct,851,154
2/22/2020,il,4499,667
2/22/2020,ks,483,70
2/22/2020,ne,512,92
2/22/2020,nj,3385,473
2/22/2020,nv,1239,218
2/22/2020,or,1210,189
2/22/2020,sd,145,24
2/22/2020,tn,1534,302
2/22/2020,tx,10225,1445
2/23/2020,ar,338,51
2/23/2020,az,2247,396
2/23/2020,ga,4888,604
2/23/2020,in,1100,194
2/23/2020,mi,1945,374
2/23/2020,nd,161,31
2/23/2020,nj,2988,481
2/23/2020,ny,4738,978
2/23/2020,ri,151,40
2/23/2020,tn,1400,276
2/23/2020,vt,141,23
2/23/2020,wi,1170,183
2/23/2020,wv,162,33
2/24/2020,al,919,202
2/24/2020,ca,19256,4061
2/24/2020,ct,974,178
2/24/2020,de,219,49
2/24/2020,ia,942,146
2/24/2020,id,522,109
2/24/2020,or,1560,331
2/24/2020,sc,961,231
2/24/2020,sd,230,49
2/24/2020,tx,11542,2282
2/24/2020,vt,166,30
2/24/2020,wy,269,59
2/25/2020,?,2,0
2/25/2020,az,2797,688
2/25/2020,ct,947,220
2/25/2020,fl,8390,1923
2/25/2020,ma,2119,476
2/25/2020,me,279,44
2/25/2020,mo,2250,419
2/25/2020,ms,494,151
2/25/2020,mt,333,53
2/25/2020,nm,552,110
2/25/2020,tn,1691,393
2/25/2020,ut,1576,286
2/25/2020,va,2693,542
2/25/2020,wi,1407,327
2/26/2020,?,1,0
2/26/2020,ar,509,110
2/26/2020,az,2647,573
2/26/2020,co,2820,595
2/26/2020,ct,960,196
2/26/2020,fl,8490,1919
2/26/2020,ia,920,159
2/26/2020,il,5150,1071
2/26/2020,ky,736,150
2/26/2020,ma,2218,443
2/26/2020,mi,2494,563
2/26/2020,ms,514,135
2/26/2020,nc,2961,589
2/26/2020,nh,365,72
2/26/2020,ny,6158,1538
2/26/2020,tx,11257,2368
2/26/2020,wa,2904,644
2/26/2020,wv,252,56
2/26/2020,wy,275,39
2/27/2020,ca,18971,4342
2/27/2020,fl,8317,1894
2/27/2020,ky,733,159
2/27/2020,mt,309,77
2/27/2020,nc,2999,626
2/27/2020,nd,222,44
2/27/2020,nh,359,78
2/27/2020,nj,3511,802
2/27/2020,nm,580,119
2/27/2020,nv,1375,377
2/27/2020,oh,2631,615
2/27/2020,ok,915,135
2/27/2020,pa,3005,715
2/27/2020,ut,1536,314
2/27/2020,wi,1412,291
2/28/2020,ak,220,47
2/28/2020,ar,500,78
2/28/2020,ca,18985,4357
2/28/2020,de,241,34
2/28/2020,ga,5999,962
2/28/2020,hi,325,176
2/28/2020,la,1055,187
2/28/2020,ma,2068,451
2/28/2020,me,239,44
2/28/2020,mi,2475,530
2/28/2020,nj,3486,715
2/28/2020,ok,874,146
2/28/2020,ri,224,54
2/28/2020,wa,2996,602
2/29/2020,hi,262,153
2/29/2020,nc,2591,465
2/29/2020,ny,4890,1101
2/29/2020,sc,670,139
2/29/2020,tn,1647,295
2/29/2020,wa,2938,591
3/1/2020,?,0,2
3/1/2020,al,682,141
3/1/2020,az,2286,463
3/1/2020,ca,14888,3495
3/1/2020,dc,743,123
3/1/2020,hi,276,112
3/1/2020,ks,412,91
3/1/2020,la,666,132
3/1/2020,nv,1877,253
3/1/2020,oh,2142,405
3/1/2020,ok,639,97
3/1/2020,sd,127,35
3/1/2020,tx,9634,1739
3/2/2020,ct,801,267
3/2/2020,de,222,67
3/2/2020,ia,815,170
3/2/2020,in,1339,319
3/2/2020,me,242,56
3/2/2020,mi,2380,602
3/2/2020,mn,1837,445
3/2/2020,nj,3059,857
3/2/2020,ny,5295,1748
3/2/2020,sc,870,235
3/2/2020,tn,1660,376
3/2/2020,tx,11778,2871
3/2/2020,wi,1366,322
3/3/2020,ct,785,258
3/3/2020,hi,314,178
3/3/2020,ia,825,203
3/3/2020,il,4712,1451
3/3/2020,mi,2213,687
3/3/2020,mn,1769,500
3/3/2020,mt,317,73
3/3/2020,nv,2259,554
3/3/2020,pa,2841,823
3/3/2020,tn,1631,459
3/3/2020,wy,233,57
3/4/2020,?,1,0
3/4/2020,ak,169,49
3/4/2020,az,2701,821
3/4/2020,fl,7633,2315
3/4/2020,ga,4646,1131
3/4/2020,id,531,129
3/4/2020,in,1287,411
3/4/2020,ks,656,171
3/4/2020,ky,792,185
3/4/2020,ma,1826,674
3/4/2020,md,1936,592
3/4/2020,nd,223,67
3/4/2020,ne,589,143
3/4/2020,nh,296,96
3/4/2020,nj,3255,1010
3/4/2020,oh,2458,799
3/4/2020,ok,776,182
3/4/2020,or,1416,399
3/5/2020,al,833,236
3/5/2020,az,2660,832
3/5/2020,ky,889,203
3/5/2020,la,951,214
3/5/2020,me,223,52
3/5/2020,ms,546,183
3/5/2020,nd,233,61
3/5/2020,ok,831,184
3/5/2020,pa,2813,768
3/5/2020,va,2424,724
3/5/2020,wi,1370,406
3/6/2020,co,2571,757
3/6/2020,dc,1037,300
3/6/2020,ma,1752,684
3/6/2020,mi,2193,572
3/6/2020,mt,319,56
3/6/2020,nc,2731,667
3/6/2020,pa,2963,850
3/6/2020,ri,194,61
3/6/2020,sc,822,206
3/6/2020,sd,187,40
3/6/2020,tn,1740,421
3/6/2020,va,2561,711
3/6/2020,wv,177,61
3/7/2020,ak,152,54
3/7/2020,ga,4920,846
3/7/2020,ks,459,130
3/7/2020,la,787,166
3/7/2020,mn,1430,349
3/7/2020,mo,1552,332
3/7/2020,ms,448,127
3/7/2020,mt,196,50
3/7/2020,nd,140,26
3/7/2020,ne,478,102
3/7/2020,nh,250,88
3/7/2020,nj,2973,737
3/7/2020,ok,689,135
3/7/2020,or,1260,371
3/7/2020,pa,2561,594
3/7/2020,ri,152,60
3/7/2020,wa,2372,784
3/7/2020,wi,1183,303
3/8/2020,az,1994,651
3/8/2020,co,1948,570
3/8/2020,hi,233,162
3/8/2020,ia,606,143
3/8/2020,id,344,112
3/8/2020,me,162,59
3/8/2020,nd,166,34
3/8/2020,ny,3574,1310
3/8/2020,pa,2068,575
3/8/2020,sc,538,187
3/8/2020,tn,1178,307
3/8/2020,wv,128,27
3/8/2020,wy,207,42
3/9/2020,ar,463,159
3/9/2020,ga,4705,1194
3/9/2020,in,1326,436
3/9/2020,la,969,254
3/9/2020,ma,1671,896
3/9/2020,mi,2011,747
3/9/2020,nc,2451,849
3/9/2020,nd,234,70
3/9/2020,ne,519,192
3/9/2020,oh,2220,804
3/9/2020,sc,743,268
3/10/2020,?,3,0
3/10/2020,al,700,324
3/10/2020,ia,664,300
3/10/2020,ks,542,239
3/10/2020,ms,464,170
3/10/2020,ne,519,190
3/10/2020,nm,507,233
3/10/2020,or,1692,617
3/10/2020,pa,2475,1296
3/10/2020,sd,166,71
3/10/2020,tn,1538,729
3/10/2020,vt,116,80
3/11/2020,?,4,3
3/11/2020,ar,440,243
3/11/2020,ca,16420,9801
3/11/2020,ia,712,452
3/11/2020,id,441,272
3/11/2020,ky,603,344
3/11/2020,ma,1366,1432
3/11/2020,nd,232,92
3/11/2020,nh,245,201
3/11/2020,nm,526,332
3/11/2020,nv,1398,760
3/11/2020,ok,826,368
3/11/2020,ut,1345,705
3/11/2020,wa,2281,1586
3/12/2020,ak,123,193
3/12/2020,al,594,721
3/12/2020,ct,493,1032
3/12/2020,de,127,237
3/12/2020,fl,6761,7112
3/12/2020,hi,255,436
3/12/2020,mn,1228,1851
3/12/2020,mt,267,329
3/12/2020,nm,408,685
3/12/2020,oh,1749,2756
3/12/2020,ri,119,261
3/12/2020,tx,9664,8521
3/13/2020,al,593,900
3/13/2020,ca,13270,18672
3/13/2020,ct,479,955
3/13/2020,hi,254,509
3/13/2020,ms,407,431
3/13/2020,ny,3170,5402
3/13/2020,ok,697,838
3/13/2020,wa,1830,3010
3/13/2020,wi,911,2148
3/13/2020,wv,98,243
3/14/2020,ak,84,173
3/14/2020,ar,258,353
3/14/2020,de,109,154
3/14/2020,fl,6115,4413
3/14/2020,ga,3386,2012
3/14/2020,hi,234,364
3/14/2020,ma,985,1325
3/14/2020,mn,1015,1120
3/14/2020,nc,1561,1428
3/14/2020,ne,369,371
3/14/2020,or,919,1196
3/14/2020,sc,597,485
3/14/2020,sd,84,142
3/14/2020,vt,50,117
3/14/2020,wy,143,176
3/15/2020,fl,5191,3813
3/15/2020,la,478,354
3/15/2020,mo,897,847
3/15/2020,ms,254,176
3/15/2020,nc,1236,1192
3/15/2020,nv,862,885
3/15/2020,ok,481,429
3/15/2020,pa,1307,1449
3/15/2020,sc,494,512
3/16/2020,ak,36,34
3/16/2020,ar,56,103
3/16/2020,ks,77,104
3/16/2020,md,224,251
3/16/2020,nd,42,65
3/16/2020,ne,94,100
3/16/2020,nm,77,106
3/16/2020,or,277,385
3/16/2020,sd,16,29
3/16/2020,wy,30,58
